app_id,app_name,"DATE_FORMAT(review_date, '%y-%m')",Total_Review
1,Western Union Send Money Now,12-01,1
1,Western Union Send Money Now,12-06,1
1,Western Union Send Money Now,12-07,1
1,Western Union Send Money Now,12-09,1
1,Western Union Send Money Now,12-10,1
1,Western Union Send Money Now,12-11,1
1,Western Union Send Money Now,13-04,1
1,Western Union Send Money Now,13-06,1
1,Western Union Send Money Now,13-09,1
6,AXS Tickets,13-09,1
6,AXS Tickets,13-10,1
6,AXS Tickets,13-11,1
6,AXS Tickets,14-01,1
6,AXS Tickets,14-02,1
6,AXS Tickets,14-03,1
6,AXS Tickets,15-01,1
6,AXS Tickets,15-04,1
6,AXS Tickets,15-07,1
6,AXS Tickets,15-09,1
6,AXS Tickets,15-10,1
6,AXS Tickets,15-11,1
6,AXS Tickets,16-02,1
6,AXS Tickets,16-08,1
6,AXS Tickets,16-10,1
6,AXS Tickets,16-12,1
6,AXS Tickets,17-08,1
6,AXS Tickets,17-09,1
6,AXS Tickets,17-11,1
9,Panda Express,14-08,1
9,Panda Express,14-11,1
9,Panda Express,15-03,1
9,Panda Express,15-06,1
9,Panda Express,16-04,1
9,Panda Express,16-11,1
9,Panda Express,17-01,1
9,Panda Express,17-03,1
9,Panda Express,17-06,1
9,Panda Express,17-07,1
9,Panda Express,17-10,1
9,Panda Express,17-12,1
9,Panda Express,18-04,1
9,Panda Express,18-05,1
9,Panda Express,18-06,1
96,Local News: Breaking & Latest,23-08,1
98,YouTube TV: Live TV & more,00-00,1
98,YouTube TV: Live TV & more,18-04,1
137,Realtor.com Real Estate & Rent,11-09,1
137,Realtor.com Real Estate & Rent,11-12,1
137,Realtor.com Real Estate & Rent,12-08,1
137,Realtor.com Real Estate & Rent,12-10,1
137,Realtor.com Real Estate & Rent,12-11,1
137,Realtor.com Real Estate & Rent,13-06,1
177,Talkie: Creative AI Community,00-00,1
178,NCAA March Madness Live,13-05,1
178,NCAA March Madness Live,14-02,1
178,NCAA March Madness Live,14-05,1
178,NCAA March Madness Live,14-12,1
178,NCAA March Madness Live,15-01,1
178,NCAA March Madness Live,15-02,1
178,NCAA March Madness Live,15-05,1
178,NCAA March Madness Live,15-07,1
178,NCAA March Madness Live,15-08,1
178,NCAA March Madness Live,15-12,1
178,NCAA March Madness Live,16-05,1
178,NCAA March Madness Live,16-07,1
178,NCAA March Madness Live,17-01,1
178,NCAA March Madness Live,17-07,1
178,NCAA March Madness Live,17-11,1
178,NCAA March Madness Live,18-05,1
178,NCAA March Madness Live,18-07,1
178,NCAA March Madness Live,19-01,1
178,NCAA March Madness Live,19-07,1
178,NCAA March Madness Live,19-11,1
178,NCAA March Madness Live,21-02,1
178,NCAA March Madness Live,21-10,1
178,NCAA March Madness Live,22-06,1
178,NCAA March Madness Live,22-07,1
178,NCAA March Madness Live,22-08,1
178,NCAA March Madness Live,22-09,1
178,NCAA March Madness Live,22-10,1
178,NCAA March Madness Live,22-12,1
178,NCAA March Madness Live,23-10,1
178,NCAA March Madness Live,24-02,1
178,NCAA March Madness Live,24-05,1
178,NCAA March Madness Live,24-10,1
178,NCAA March Madness Live,24-12,1
178,NCAA March Madness Live,25-02,1
179,U-Haul,16-11,1
179,U-Haul,17-04,1
179,U-Haul,17-05,1
179,U-Haul,17-08,1
179,U-Haul,17-10,1
179,U-Haul,17-11,1
179,U-Haul,17-12,1
179,U-Haul,18-01,1
217,Frontier Airlines,15-11,1
1,Western Union Send Money Now,11-10,2
1,Western Union Send Money Now,12-02,2
1,Western Union Send Money Now,12-03,2
1,Western Union Send Money Now,12-05,2
1,Western Union Send Money Now,12-08,2
1,Western Union Send Money Now,12-12,2
1,Western Union Send Money Now,13-01,2
1,Western Union Send Money Now,13-03,2
1,Western Union Send Money Now,13-08,2
2,"Priceline: Hotel, Flight & Car",19-01,2
6,AXS Tickets,13-08,2
6,AXS Tickets,14-05,2
6,AXS Tickets,14-10,2
6,AXS Tickets,14-12,2
6,AXS Tickets,15-06,2
6,AXS Tickets,15-08,2
6,AXS Tickets,16-11,2
6,AXS Tickets,17-04,2
6,AXS Tickets,17-07,2
6,AXS Tickets,18-03,2
9,Panda Express,14-09,2
9,Panda Express,14-12,2
9,Panda Express,15-01,2
9,Panda Express,15-04,2
9,Panda Express,15-08,2
9,Panda Express,16-05,2
9,Panda Express,16-06,2
9,Panda Express,16-09,2
9,Panda Express,16-12,2
9,Panda Express,17-02,2
9,Panda Express,17-05,2
9,Panda Express,18-01,2
10,Safeway Deals & Delivery,14-02,2
11,My Earthquake Alerts - Map,16-05,2
11,My Earthquake Alerts - Map,17-05,2
11,My Earthquake Alerts - Map,17-08,2
11,My Earthquake Alerts - Map,17-11,2
11,My Earthquake Alerts - Map,18-03,2
94,Planet Fitness Workouts,16-06,2
137,Realtor.com Real Estate & Rent,11-03,2
137,Realtor.com Real Estate & Rent,11-06,2
137,Realtor.com Real Estate & Rent,12-02,2
137,Realtor.com Real Estate & Rent,12-04,2
137,Realtor.com Real Estate & Rent,12-09,2
137,Realtor.com Real Estate & Rent,13-05,2
137,Realtor.com Real Estate & Rent,13-08,2
137,Realtor.com Real Estate & Rent,13-09,2
137,Realtor.com Real Estate & Rent,13-10,2
137,Realtor.com Real Estate & Rent,14-03,2
139,"Linky AI: Chat, Play, Connect",23-08,2
178,NCAA March Madness Live,14-09,2
178,NCAA March Madness Live,15-06,2
178,NCAA March Madness Live,16-06,2
178,NCAA March Madness Live,16-10,2
178,NCAA March Madness Live,16-12,2
178,NCAA March Madness Live,18-11,2
178,NCAA March Madness Live,19-12,2
178,NCAA March Madness Live,20-05,2
178,NCAA March Madness Live,20-06,2
178,NCAA March Madness Live,21-12,2
178,NCAA March Madness Live,22-02,2
178,NCAA March Madness Live,24-07,2
217,Frontier Airlines,17-11,2
1,Western Union Send Money Now,11-09,3
1,Western Union Send Money Now,11-11,3
1,Western Union Send Money Now,13-10,3
1,Western Union Send Money Now,13-11,3
2,"Priceline: Hotel, Flight & Car",20-04,3
6,AXS Tickets,14-09,3
6,AXS Tickets,14-11,3
6,AXS Tickets,16-03,3
6,AXS Tickets,16-04,3
6,AXS Tickets,17-01,3
6,AXS Tickets,17-03,3
6,AXS Tickets,18-02,3
6,AXS Tickets,20-10,3
9,Panda Express,15-12,3
9,Panda Express,17-08,3
9,Panda Express,17-11,3
9,Panda Express,18-03,3
9,Panda Express,18-08,3
10,Safeway Deals & Delivery,16-01,3
10,Safeway Deals & Delivery,16-12,3
10,Safeway Deals & Delivery,17-04,3
11,My Earthquake Alerts - Map,15-12,3
11,My Earthquake Alerts - Map,16-07,3
11,My Earthquake Alerts - Map,17-02,3
11,My Earthquake Alerts - Map,17-06,3
11,My Earthquake Alerts - Map,18-07,3
14,Dairy Queen® Food & Treats,18-05,3
94,Planet Fitness Workouts,15-07,3
137,Realtor.com Real Estate & Rent,11-01,3
137,Realtor.com Real Estate & Rent,11-04,3
137,Realtor.com Real Estate & Rent,11-11,3
137,Realtor.com Real Estate & Rent,12-07,3
137,Realtor.com Real Estate & Rent,13-03,3
137,Realtor.com Real Estate & Rent,13-07,3
137,Realtor.com Real Estate & Rent,14-05,3
140,Google Voice,17-12,3
178,NCAA March Madness Live,14-08,3
178,NCAA March Madness Live,14-11,3
178,NCAA March Madness Live,17-02,3
178,NCAA March Madness Live,18-02,3
178,NCAA March Madness Live,19-02,3
179,U-Haul,17-06,3
179,U-Haul,17-07,3
217,Frontier Airlines,17-04,3
217,Frontier Airlines,18-01,3
217,Frontier Airlines,18-02,3
217,Frontier Airlines,18-05,3
1,Western Union Send Money Now,13-05,4
1,Western Union Send Money Now,14-03,4
2,"Priceline: Hotel, Flight & Car",18-09,4
6,AXS Tickets,15-05,4
6,AXS Tickets,16-05,4
6,AXS Tickets,16-06,4
6,AXS Tickets,17-10,4
6,AXS Tickets,18-01,4
6,AXS Tickets,18-08,4
7,IMDb: Movies & TV Shows,15-11,4
8,Wingstop,11-11,4
9,Panda Express,15-09,4
9,Panda Express,16-08,4
10,Safeway Deals & Delivery,13-04,4
10,Safeway Deals & Delivery,15-06,4
11,My Earthquake Alerts - Map,16-03,4
11,My Earthquake Alerts - Map,16-12,4
11,My Earthquake Alerts - Map,17-01,4
11,My Earthquake Alerts - Map,17-03,4
11,My Earthquake Alerts - Map,17-04,4
11,My Earthquake Alerts - Map,17-10,4
11,My Earthquake Alerts - Map,18-06,4
11,My Earthquake Alerts - Map,19-06,4
137,Realtor.com Real Estate & Rent,12-01,4
137,Realtor.com Real Estate & Rent,12-03,4
137,Realtor.com Real Estate & Rent,12-05,4
137,Realtor.com Real Estate & Rent,12-06,4
137,Realtor.com Real Estate & Rent,12-12,4
137,Realtor.com Real Estate & Rent,13-02,4
137,Realtor.com Real Estate & Rent,13-11,4
178,NCAA March Madness Live,19-05,4
178,NCAA March Madness Live,21-05,4
178,NCAA March Madness Live,23-02,4
178,NCAA March Madness Live,24-08,4
217,Frontier Airlines,15-12,4
217,Frontier Airlines,16-01,4
217,Frontier Airlines,16-09,4
217,Frontier Airlines,18-03,4
217,Frontier Airlines,18-04,4
1,Western Union Send Money Now,13-07,5
2,"Priceline: Hotel, Flight & Car",18-11,5
2,"Priceline: Hotel, Flight & Car",19-10,5
2,"Priceline: Hotel, Flight & Car",19-11,5
6,AXS Tickets,18-07,5
6,AXS Tickets,20-12,5
8,Wingstop,13-04,5
9,Panda Express,15-02,5
9,Panda Express,16-01,5
9,Panda Express,16-07,5
10,Safeway Deals & Delivery,14-08,5
10,Safeway Deals & Delivery,14-09,5
10,Safeway Deals & Delivery,15-03,5
10,Safeway Deals & Delivery,15-04,5
10,Safeway Deals & Delivery,15-07,5
10,Safeway Deals & Delivery,15-08,5
10,Safeway Deals & Delivery,16-07,5
10,Safeway Deals & Delivery,16-08,5
11,My Earthquake Alerts - Map,15-09,5
11,My Earthquake Alerts - Map,16-06,5
11,My Earthquake Alerts - Map,22-04,5
94,Planet Fitness Workouts,15-08,5
94,Planet Fitness Workouts,16-12,5
137,Realtor.com Real Estate & Rent,10-12,5
137,Realtor.com Real Estate & Rent,11-02,5
137,Realtor.com Real Estate & Rent,13-04,5
139,"Linky AI: Chat, Play, Connect",23-09,5
217,Frontier Airlines,16-11,5
217,Frontier Airlines,17-03,5
217,Frontier Airlines,17-08,5
217,Frontier Airlines,17-09,5
217,Frontier Airlines,17-10,5
2,"Priceline: Hotel, Flight & Car",20-05,6
6,AXS Tickets,18-04,6
8,Wingstop,11-12,6
8,Wingstop,13-05,6
8,Wingstop,14-11,6
9,Panda Express,16-03,6
10,Safeway Deals & Delivery,15-02,6
10,Safeway Deals & Delivery,16-02,6
10,Safeway Deals & Delivery,16-04,6
10,Safeway Deals & Delivery,16-05,6
10,Safeway Deals & Delivery,16-11,6
10,Safeway Deals & Delivery,17-02,6
10,Safeway Deals & Delivery,17-05,6
11,My Earthquake Alerts - Map,15-08,6
11,My Earthquake Alerts - Map,15-10,6
11,My Earthquake Alerts - Map,16-02,6
11,My Earthquake Alerts - Map,16-08,6
11,My Earthquake Alerts - Map,16-10,6
11,My Earthquake Alerts - Map,18-02,6
11,My Earthquake Alerts - Map,22-06,6
94,Planet Fitness Workouts,15-05,6
94,Planet Fitness Workouts,15-06,6
94,Planet Fitness Workouts,16-09,6
94,Planet Fitness Workouts,16-10,6
94,Planet Fitness Workouts,17-04,6
137,Realtor.com Real Estate & Rent,14-01,6
137,Realtor.com Real Estate & Rent,14-07,6
177,Talkie: Creative AI Community,23-06,6
217,Frontier Airlines,16-02,6
217,Frontier Airlines,16-04,6
217,Frontier Airlines,17-06,6
1,Western Union Send Money Now,13-12,7
1,Western Union Send Money Now,14-01,7
6,AXS Tickets,20-11,7
8,Wingstop,18-09,7
9,Panda Express,14-10,7
10,Safeway Deals & Delivery,13-08,7
10,Safeway Deals & Delivery,13-09,7
10,Safeway Deals & Delivery,13-11,7
10,Safeway Deals & Delivery,14-10,7
11,My Earthquake Alerts - Map,15-07,7
11,My Earthquake Alerts - Map,18-08,7
11,My Earthquake Alerts - Map,18-11,7
11,My Earthquake Alerts - Map,22-05,7
94,Planet Fitness Workouts,17-06,7
137,Realtor.com Real Estate & Rent,11-05,7
137,Realtor.com Real Estate & Rent,11-07,7
137,Realtor.com Real Estate & Rent,15-01,7
140,Google Voice,17-11,7
178,NCAA March Madness Live,16-02,7
179,U-Haul,22-10,7
179,U-Haul,23-02,7
216,Smart Home Manager,18-02,7
217,Frontier Airlines,15-10,7
217,Frontier Airlines,16-06,7
217,Frontier Airlines,16-07,7
217,Frontier Airlines,17-05,7
217,Frontier Airlines,18-06,7
217,Frontier Airlines,18-07,7
217,Frontier Airlines,18-08,7
1,Western Union Send Money Now,14-05,8
1,Western Union Send Money Now,14-06,8
2,"Priceline: Hotel, Flight & Car",19-02,8
6,AXS Tickets,18-05,8
6,AXS Tickets,18-06,8
6,AXS Tickets,20-05,8
6,AXS Tickets,21-01,8
8,Wingstop,18-10,8
8,Wingstop,18-11,8
9,Panda Express,15-11,8
10,Safeway Deals & Delivery,16-10,8
10,Safeway Deals & Delivery,17-01,8
10,Safeway Deals & Delivery,17-03,8
10,Safeway Deals & Delivery,17-06,8
11,My Earthquake Alerts - Map,16-11,8
11,My Earthquake Alerts - Map,17-09,8
11,My Earthquake Alerts - Map,18-04,8
11,My Earthquake Alerts - Map,22-10,8
137,Realtor.com Real Estate & Rent,13-01,8
137,Realtor.com Real Estate & Rent,14-04,8
179,U-Haul,18-02,8
179,U-Haul,22-11,8
216,Smart Home Manager,17-09,8
217,Frontier Airlines,16-03,8
217,Frontier Airlines,16-08,8
217,Frontier Airlines,17-01,8
217,Frontier Airlines,21-02,8
1,Western Union Send Money Now,14-02,9
1,Western Union Send Money Now,15-03,9
2,"Priceline: Hotel, Flight & Car",18-10,9
2,"Priceline: Hotel, Flight & Car",19-03,9
2,"Priceline: Hotel, Flight & Car",19-08,9
2,"Priceline: Hotel, Flight & Car",20-09,9
6,AXS Tickets,20-09,9
8,Wingstop,12-07,9
8,Wingstop,12-08,9
8,Wingstop,13-01,9
8,Wingstop,13-02,9
8,Wingstop,14-12,9
8,Wingstop,17-05,9
8,Wingstop,18-12,9
10,Safeway Deals & Delivery,13-12,9
10,Safeway Deals & Delivery,16-09,9
11,My Earthquake Alerts - Map,19-05,9
94,Planet Fitness Workouts,15-02,9
94,Planet Fitness Workouts,15-03,9
94,Planet Fitness Workouts,15-04,9
94,Planet Fitness Workouts,16-04,9
94,Planet Fitness Workouts,16-05,9
94,Planet Fitness Workouts,17-08,9
137,Realtor.com Real Estate & Rent,11-08,9
137,Realtor.com Real Estate & Rent,13-12,9
140,Google Voice,18-03,9
216,Smart Home Manager,17-10,9
217,Frontier Airlines,16-05,9
217,Frontier Airlines,17-02,9
1,Western Union Send Money Now,14-04,10
1,Western Union Send Money Now,14-07,10
2,"Priceline: Hotel, Flight & Car",18-12,10
6,AXS Tickets,20-08,10
8,Wingstop,13-03,10
10,Safeway Deals & Delivery,12-05,10
10,Safeway Deals & Delivery,14-12,10
10,Safeway Deals & Delivery,15-05,10
10,Safeway Deals & Delivery,16-03,10
10,Safeway Deals & Delivery,17-10,10
10,Safeway Deals & Delivery,18-01,10
11,My Earthquake Alerts - Map,16-04,10
11,My Earthquake Alerts - Map,18-05,10
11,My Earthquake Alerts - Map,19-01,10
11,My Earthquake Alerts - Map,19-03,10
11,My Earthquake Alerts - Map,21-11,10
11,My Earthquake Alerts - Map,22-08,10
94,Planet Fitness Workouts,17-01,10
94,Planet Fitness Workouts,17-05,10
94,Planet Fitness Workouts,17-07,10
94,Planet Fitness Workouts,17-09,10
217,Frontier Airlines,17-12,10
1,Western Union Send Money Now,14-10,11
1,Western Union Send Money Now,15-02,11
1,Western Union Send Money Now,17-09,11
2,"Priceline: Hotel, Flight & Car",19-04,11
2,"Priceline: Hotel, Flight & Car",19-07,11
2,"Priceline: Hotel, Flight & Car",19-12,11
2,"Priceline: Hotel, Flight & Car",20-01,11
2,"Priceline: Hotel, Flight & Car",20-02,11
2,"Priceline: Hotel, Flight & Car",20-12,11
2,"Priceline: Hotel, Flight & Car",23-12,11
6,AXS Tickets,20-04,11
6,AXS Tickets,21-02,11
7,IMDb: Movies & TV Shows,16-04,11
8,Wingstop,12-01,11
8,Wingstop,12-04,11
8,Wingstop,12-06,11
8,Wingstop,12-11,11
9,Panda Express,18-09,11
10,Safeway Deals & Delivery,13-02,11
10,Safeway Deals & Delivery,13-03,11
10,Safeway Deals & Delivery,13-07,11
10,Safeway Deals & Delivery,14-05,11
10,Safeway Deals & Delivery,14-07,11
11,My Earthquake Alerts - Map,15-11,11
11,My Earthquake Alerts - Map,18-09,11
11,My Earthquake Alerts - Map,18-10,11
11,My Earthquake Alerts - Map,21-10,11
11,My Earthquake Alerts - Map,22-03,11
11,My Earthquake Alerts - Map,23-05,11
94,Planet Fitness Workouts,16-02,11
94,Planet Fitness Workouts,16-08,11
137,Realtor.com Real Estate & Rent,14-11,11
140,Google Voice,18-07,11
178,NCAA March Madness Live,20-03,11
179,U-Haul,22-12,11
217,Frontier Airlines,16-12,11
217,Frontier Airlines,17-07,11
2,"Priceline: Hotel, Flight & Car",19-05,12
2,"Priceline: Hotel, Flight & Car",19-06,12
2,"Priceline: Hotel, Flight & Car",20-08,12
2,"Priceline: Hotel, Flight & Car",23-09,12
2,"Priceline: Hotel, Flight & Car",24-01,12
6,AXS Tickets,18-11,12
6,AXS Tickets,21-03,12
8,Wingstop,12-12,12
8,Wingstop,16-03,12
8,Wingstop,16-12,12
8,Wingstop,17-02,12
8,Wingstop,18-05,12
8,Wingstop,19-01,12
8,Wingstop,19-03,12
10,Safeway Deals & Delivery,12-12,12
10,Safeway Deals & Delivery,13-10,12
10,Safeway Deals & Delivery,17-12,12
11,My Earthquake Alerts - Map,16-09,12
11,My Earthquake Alerts - Map,22-07,12
94,Planet Fitness Workouts,16-03,12
94,Planet Fitness Workouts,17-12,12
140,Google Voice,18-01,12
178,NCAA March Madness Live,12-04,12
217,Frontier Airlines,18-09,12
217,Frontier Airlines,21-01,12
2,"Priceline: Hotel, Flight & Car",19-09,13
2,"Priceline: Hotel, Flight & Car",21-01,13
2,"Priceline: Hotel, Flight & Car",23-01,13
2,"Priceline: Hotel, Flight & Car",23-10,13
6,AXS Tickets,18-09,13
8,Wingstop,14-10,13
8,Wingstop,17-03,13
8,Wingstop,17-06,13
8,Wingstop,17-10,13
10,Safeway Deals & Delivery,14-01,13
10,Safeway Deals & Delivery,15-01,13
10,Safeway Deals & Delivery,18-05,13
11,My Earthquake Alerts - Map,16-01,13
11,My Earthquake Alerts - Map,19-02,13
11,My Earthquake Alerts - Map,23-01,13
11,My Earthquake Alerts - Map,23-07,13
14,Dairy Queen® Food & Treats,18-08,13
94,Planet Fitness Workouts,15-12,13
140,Google Voice,17-10,13
140,Google Voice,18-05,13
179,U-Haul,23-01,13
216,Smart Home Manager,17-11,13
2,"Priceline: Hotel, Flight & Car",20-11,14
8,Wingstop,15-01,14
8,Wingstop,15-09,14
8,Wingstop,16-02,14
8,Wingstop,16-06,14
8,Wingstop,17-04,14
8,Wingstop,17-07,14
8,Wingstop,17-08,14
8,Wingstop,17-09,14
8,Wingstop,17-11,14
10,Safeway Deals & Delivery,13-06,14
10,Safeway Deals & Delivery,14-11,14
10,Safeway Deals & Delivery,16-06,14
10,Safeway Deals & Delivery,17-11,14
11,My Earthquake Alerts - Map,15-06,14
11,My Earthquake Alerts - Map,19-04,14
11,My Earthquake Alerts - Map,19-08,14
11,My Earthquake Alerts - Map,24-07,14
59,Xbox,23-06,14
94,Planet Fitness Workouts,15-11,14
140,Google Voice,18-02,14
217,Frontier Airlines,16-10,14
1,Western Union Send Money Now,15-04,15
1,Western Union Send Money Now,17-04,15
1,Western Union Send Money Now,17-05,15
2,"Priceline: Hotel, Flight & Car",20-07,15
2,"Priceline: Hotel, Flight & Car",20-10,15
2,"Priceline: Hotel, Flight & Car",22-11,15
10,Safeway Deals & Delivery,13-01,15
10,Safeway Deals & Delivery,18-04,15
11,My Earthquake Alerts - Map,22-02,15
11,My Earthquake Alerts - Map,24-05,15
14,Dairy Queen® Food & Treats,18-06,15
99,Amazon Alexa,18-09,15
137,Realtor.com Real Estate & Rent,14-10,15
216,Smart Home Manager,18-03,15
1,Western Union Send Money Now,17-03,16
2,"Priceline: Hotel, Flight & Car",21-10,16
2,"Priceline: Hotel, Flight & Car",24-02,16
6,AXS Tickets,18-10,16
8,Wingstop,12-02,16
8,Wingstop,13-08,16
8,Wingstop,15-04,16
8,Wingstop,15-07,16
8,Wingstop,17-01,16
10,Safeway Deals & Delivery,12-11,16
10,Safeway Deals & Delivery,15-09,16
10,Safeway Deals & Delivery,17-07,16
10,Safeway Deals & Delivery,17-08,16
11,My Earthquake Alerts - Map,21-08,16
11,My Earthquake Alerts - Map,24-11,16
59,Xbox,18-09,16
59,Xbox,24-01,16
59,Xbox,24-05,16
94,Planet Fitness Workouts,16-01,16
94,Planet Fitness Workouts,17-02,16
94,Planet Fitness Workouts,17-03,16
137,Realtor.com Real Estate & Rent,15-02,16
137,Realtor.com Real Estate & Rent,15-03,16
137,Realtor.com Real Estate & Rent,15-04,16
140,Google Voice,17-09,16
217,Frontier Airlines,20-04,16
217,Frontier Airlines,20-07,16
1,Western Union Send Money Now,14-11,17
1,Western Union Send Money Now,14-12,17
1,Western Union Send Money Now,16-03,17
2,"Priceline: Hotel, Flight & Car",20-03,17
2,"Priceline: Hotel, Flight & Car",22-03,17
7,IMDb: Movies & TV Shows,16-01,17
7,IMDb: Movies & TV Shows,16-02,17
8,Wingstop,15-12,17
8,Wingstop,17-12,17
8,Wingstop,18-06,17
8,Wingstop,18-07,17
8,Wingstop,19-02,17
10,Safeway Deals & Delivery,12-08,17
11,My Earthquake Alerts - Map,18-01,17
11,My Earthquake Alerts - Map,21-12,17
11,My Earthquake Alerts - Map,23-06,17
59,Xbox,23-09,17
179,U-Haul,20-02,17
179,U-Haul,20-03,17
217,Frontier Airlines,21-05,17
1,Western Union Send Money Now,14-09,18
1,Western Union Send Money Now,16-09,18
1,Western Union Send Money Now,17-02,18
1,Western Union Send Money Now,17-08,18
8,Wingstop,12-09,18
8,Wingstop,15-08,18
8,Wingstop,16-08,18
8,Wingstop,18-02,18
8,Wingstop,18-03,18
11,My Earthquake Alerts - Map,24-03,18
15,DoorDash - Dasher,18-09,18
59,Xbox,23-05,18
59,Xbox,23-08,18
179,U-Haul,18-03,18
216,Smart Home Manager,18-07,18
1,Western Union Send Money Now,16-06,19
2,"Priceline: Hotel, Flight & Car",23-11,19
6,AXS Tickets,20-07,19
8,Wingstop,13-07,19
8,Wingstop,15-10,19
8,Wingstop,16-10,19
9,Panda Express,22-05,19
10,Safeway Deals & Delivery,14-04,19
10,Safeway Deals & Delivery,14-06,19
10,Safeway Deals & Delivery,15-12,19
11,My Earthquake Alerts - Map,22-12,19
59,Xbox,24-08,19
137,Realtor.com Real Estate & Rent,14-08,19
179,U-Haul,18-04,19
217,Frontier Airlines,18-11,19
1,Western Union Send Money Now,15-01,20
1,Western Union Send Money Now,15-06,20
1,Western Union Send Money Now,17-07,20
2,"Priceline: Hotel, Flight & Car",20-06,20
2,"Priceline: Hotel, Flight & Car",21-02,20
2,"Priceline: Hotel, Flight & Car",24-03,20
2,"Priceline: Hotel, Flight & Car",24-04,20
2,"Priceline: Hotel, Flight & Car",24-06,20
8,Wingstop,13-09,20
8,Wingstop,15-11,20
8,Wingstop,18-04,20
8,Wingstop,18-08,20
9,Panda Express,18-10,20
11,My Earthquake Alerts - Map,22-01,20
11,My Earthquake Alerts - Map,22-09,20
11,My Earthquake Alerts - Map,23-08,20
14,Dairy Queen® Food & Treats,19-11,20
59,Xbox,23-12,20
59,Xbox,24-04,20
59,Xbox,24-09,20
140,Google Voice,18-08,20
179,U-Haul,18-05,20
1,Western Union Send Money Now,14-08,21
1,Western Union Send Money Now,15-05,21
1,Western Union Send Money Now,16-02,21
1,Western Union Send Money Now,17-06,21
2,"Priceline: Hotel, Flight & Car",23-08,21
7,IMDb: Movies & TV Shows,16-03,21
8,Wingstop,13-06,21
8,Wingstop,16-01,21
8,Wingstop,16-05,21
8,Wingstop,16-11,21
8,Wingstop,18-01,21
9,Panda Express,20-09,21
10,Safeway Deals & Delivery,13-05,21
10,Safeway Deals & Delivery,14-03,21
10,Safeway Deals & Delivery,18-02,21
10,Safeway Deals & Delivery,18-07,21
11,My Earthquake Alerts - Map,21-09,21
11,My Earthquake Alerts - Map,24-06,21
14,Dairy Queen® Food & Treats,18-12,21
59,Xbox,22-02,21
137,Realtor.com Real Estate & Rent,14-12,21
179,U-Haul,22-09,21
217,Frontier Airlines,18-12,21
217,Frontier Airlines,20-06,21
1,Western Union Send Money Now,18-07,22
2,"Priceline: Hotel, Flight & Car",23-04,22
6,AXS Tickets,21-04,22
11,My Earthquake Alerts - Map,22-11,22
59,Xbox,19-02,22
59,Xbox,22-10,22
59,Xbox,24-06,22
94,Planet Fitness Workouts,17-10,22
94,Planet Fitness Workouts,18-04,22
217,Frontier Airlines,19-01,22
1,Western Union Send Money Now,15-07,23
1,Western Union Send Money Now,15-12,23
1,Western Union Send Money Now,16-10,23
2,"Priceline: Hotel, Flight & Car",21-11,23
2,"Priceline: Hotel, Flight & Car",24-09,23
7,IMDb: Movies & TV Shows,16-05,23
8,Wingstop,15-02,23
8,Wingstop,15-03,23
8,Wingstop,15-05,23
10,Safeway Deals & Delivery,12-09,23
10,Safeway Deals & Delivery,17-09,23
14,Dairy Queen® Food & Treats,19-10,23
59,Xbox,21-11,23
94,Planet Fitness Workouts,18-06,23
94,Planet Fitness Workouts,18-07,23
94,Planet Fitness Workouts,18-08,23
137,Realtor.com Real Estate & Rent,18-06,23
179,U-Haul,22-06,23
179,U-Haul,22-08,23
217,Frontier Airlines,19-02,23
1,Western Union Send Money Now,16-11,24
1,Western Union Send Money Now,17-01,24
2,"Priceline: Hotel, Flight & Car",23-02,24
2,"Priceline: Hotel, Flight & Car",23-03,24
2,"Priceline: Hotel, Flight & Car",23-07,24
8,Wingstop,12-03,24
8,Wingstop,16-04,24
9,Panda Express,20-10,24
11,My Earthquake Alerts - Map,21-06,24
15,DoorDash - Dasher,18-11,24
59,Xbox,19-06,24
59,Xbox,22-09,24
59,Xbox,23-11,24
94,Planet Fitness Workouts,15-10,24
137,Realtor.com Real Estate & Rent,14-09,24
217,Frontier Airlines,20-11,24
217,Frontier Airlines,21-04,24
1,Western Union Send Money Now,15-09,25
2,"Priceline: Hotel, Flight & Car",21-04,25
2,"Priceline: Hotel, Flight & Car",22-07,25
2,"Priceline: Hotel, Flight & Car",22-12,25
7,IMDb: Movies & TV Shows,17-07,25
8,Wingstop,12-10,25
8,Wingstop,13-10,25
8,Wingstop,13-11,25
8,Wingstop,15-06,25
11,My Earthquake Alerts - Map,19-09,25
14,Dairy Queen® Food & Treats,19-09,25
59,Xbox,23-10,25
137,Realtor.com Real Estate & Rent,17-09,25
216,Smart Home Manager,18-08,25
1,Western Union Send Money Now,16-12,26
2,"Priceline: Hotel, Flight & Car",22-01,26
2,"Priceline: Hotel, Flight & Car",22-10,26
2,"Priceline: Hotel, Flight & Car",23-06,26
2,"Priceline: Hotel, Flight & Car",24-05,26
2,"Priceline: Hotel, Flight & Car",25-04,26
7,IMDb: Movies & TV Shows,18-02,26
8,Wingstop,16-07,26
8,Wingstop,16-09,26
10,Safeway Deals & Delivery,15-11,26
14,Dairy Queen® Food & Treats,18-11,26
14,Dairy Queen® Food & Treats,19-08,26
57,Taco Bell Fast Food & Delivery,18-09,26
59,Xbox,18-10,26
59,Xbox,24-03,26
216,Smart Home Manager,18-01,26
1,Western Union Send Money Now,15-10,27
2,"Priceline: Hotel, Flight & Car",21-08,27
6,AXS Tickets,18-12,27
7,IMDb: Movies & TV Shows,18-05,27
10,Safeway Deals & Delivery,18-08,27
11,My Earthquake Alerts - Map,21-07,27
11,My Earthquake Alerts - Map,23-04,27
59,Xbox,19-03,27
59,Xbox,19-07,27
94,Planet Fitness Workouts,15-09,27
179,U-Haul,22-07,27
216,Smart Home Manager,18-06,27
217,Frontier Airlines,19-04,27
217,Frontier Airlines,19-12,27
1,Western Union Send Money Now,15-08,28
2,"Priceline: Hotel, Flight & Car",21-03,28
2,"Priceline: Hotel, Flight & Car",21-12,28
2,"Priceline: Hotel, Flight & Car",24-10,28
10,Safeway Deals & Delivery,18-06,28
15,DoorDash - Dasher,18-12,28
59,Xbox,21-09,28
94,Planet Fitness Workouts,18-05,28
137,Realtor.com Real Estate & Rent,15-06,28
137,Realtor.com Real Estate & Rent,16-11,28
178,NCAA March Madness Live,23-04,28
217,Frontier Airlines,19-03,28
217,Frontier Airlines,21-06,28
1,Western Union Send Money Now,16-01,29
1,Western Union Send Money Now,16-07,29
2,"Priceline: Hotel, Flight & Car",22-02,29
2,"Priceline: Hotel, Flight & Car",22-09,29
6,AXS Tickets,20-06,29
8,Wingstop,13-12,29
10,Safeway Deals & Delivery,12-10,29
11,My Earthquake Alerts - Map,24-10,29
59,Xbox,18-12,29
59,Xbox,24-02,29
140,Google Voice,18-06,29
217,Frontier Airlines,20-08,29
2,"Priceline: Hotel, Flight & Car",22-06,30
2,"Priceline: Hotel, Flight & Car",23-05,30
2,"Priceline: Hotel, Flight & Car",24-11,30
8,Wingstop,12-05,30
9,Panda Express,21-07,30
9,Panda Express,22-03,30
10,Safeway Deals & Delivery,12-07,30
11,My Earthquake Alerts - Map,24-12,30
59,Xbox,19-04,30
59,Xbox,19-05,30
59,Xbox,22-04,30
59,Xbox,22-05,30
59,Xbox,23-07,30
137,Realtor.com Real Estate & Rent,18-08,30
1,Western Union Send Money Now,17-11,31
2,"Priceline: Hotel, Flight & Car",21-05,31
2,"Priceline: Hotel, Flight & Car",24-12,31
10,Safeway Deals & Delivery,18-03,31
11,My Earthquake Alerts - Map,24-09,31
11,My Earthquake Alerts - Map,25-02,31
14,Dairy Queen® Food & Treats,19-01,31
59,Xbox,22-11,31
94,Planet Fitness Workouts,17-11,31
137,Realtor.com Real Estate & Rent,14-06,31
137,Realtor.com Real Estate & Rent,15-05,31
178,NCAA March Madness Live,25-04,31
1,Western Union Send Money Now,16-05,32
1,Western Union Send Money Now,16-08,32
1,Western Union Send Money Now,18-05,32
2,"Priceline: Hotel, Flight & Car",21-06,32
7,IMDb: Movies & TV Shows,18-06,32
9,Panda Express,21-03,32
10,Safeway Deals & Delivery,12-06,32
11,My Earthquake Alerts - Map,17-12,32
14,Dairy Queen® Food & Treats,18-09,32
14,Dairy Queen® Food & Treats,19-12,32
14,Dairy Queen® Food & Treats,20-01,32
15,DoorDash - Dasher,19-01,32
59,Xbox,22-08,32
59,Xbox,24-07,32
94,Planet Fitness Workouts,20-08,32
217,Frontier Airlines,18-10,32
217,Frontier Airlines,20-05,32
2,"Priceline: Hotel, Flight & Car",21-09,33
9,Panda Express,18-11,33
9,Panda Express,22-01,33
11,My Earthquake Alerts - Map,20-11,33
11,My Earthquake Alerts - Map,24-04,33
14,Dairy Queen® Food & Treats,18-07,33
14,Dairy Queen® Food & Treats,19-04,33
59,Xbox,18-11,33
94,Planet Fitness Workouts,16-11,33
94,Planet Fitness Workouts,20-04,33
98,YouTube TV: Live TV & more,18-05,33
137,Realtor.com Real Estate & Rent,17-12,33
179,U-Haul,18-06,33
217,Frontier Airlines,19-09,33
1,Western Union Send Money Now,17-10,34
2,"Priceline: Hotel, Flight & Car",21-07,34
2,"Priceline: Hotel, Flight & Car",24-08,34
7,IMDb: Movies & TV Shows,17-08,34
11,My Earthquake Alerts - Map,18-12,34
14,Dairy Queen® Food & Treats,19-02,34
59,Xbox,19-01,34
59,Xbox,21-07,34
59,Xbox,24-10,34
137,Realtor.com Real Estate & Rent,16-09,34
174,Bluesky,24-07,34
178,NCAA March Madness Live,24-04,34
179,U-Haul,20-06,34
217,Frontier Airlines,20-09,34
1,Western Union Send Money Now,16-04,35
59,Xbox,22-03,35
94,Planet Fitness Workouts,18-01,35
137,Realtor.com Real Estate & Rent,16-10,35
137,Realtor.com Real Estate & Rent,18-01,35
178,NCAA March Madness Live,18-04,35
217,Frontier Airlines,19-08,35
1,Western Union Send Money Now,18-08,36
2,"Priceline: Hotel, Flight & Car",22-04,36
7,IMDb: Movies & TV Shows,18-08,36
9,Panda Express,22-04,36
11,My Earthquake Alerts - Map,20-12,36
11,My Earthquake Alerts - Map,21-05,36
11,My Earthquake Alerts - Map,23-10,36
15,DoorDash - Dasher,18-10,36
59,Xbox,21-08,36
174,Bluesky,24-04,36
179,U-Haul,18-07,36
2,"Priceline: Hotel, Flight & Car",24-07,37
6,AXS Tickets,21-05,37
9,Panda Express,19-04,37
9,Panda Express,20-08,37
59,Xbox,22-06,37
59,Xbox,23-03,37
94,Planet Fitness Workouts,18-03,37
216,Smart Home Manager,18-04,37
217,Frontier Airlines,22-02,37
2,"Priceline: Hotel, Flight & Car",22-05,38
2,"Priceline: Hotel, Flight & Car",22-08,38
2,"Priceline: Hotel, Flight & Car",25-02,38
11,My Earthquake Alerts - Map,21-04,38
11,My Earthquake Alerts - Map,24-02,38
14,Dairy Queen® Food & Treats,19-03,38
59,Xbox,21-10,38
137,Realtor.com Real Estate & Rent,18-07,38
179,U-Haul,20-04,38
179,U-Haul,20-05,38
179,U-Haul,20-09,38
216,Smart Home Manager,17-12,38
1,Western Union Send Money Now,18-01,39
7,IMDb: Movies & TV Shows,16-10,39
7,IMDb: Movies & TV Shows,18-04,39
9,Panda Express,19-03,39
58,Subway®,23-08,39
59,Xbox,22-07,39
137,Realtor.com Real Estate & Rent,16-07,39
140,Google Voice,18-04,39
179,U-Haul,20-01,39
1,Western Union Send Money Now,15-11,40
2,"Priceline: Hotel, Flight & Car",25-01,40
9,Panda Express,21-10,40
11,My Earthquake Alerts - Map,24-01,40
14,Dairy Queen® Food & Treats,20-02,40
59,Xbox,21-05,40
59,Xbox,22-12,40
94,Planet Fitness Workouts,18-02,40
179,U-Haul,21-02,40
179,U-Haul,25-04,40
217,Frontier Airlines,19-10,40
217,Frontier Airlines,20-12,40
7,IMDb: Movies & TV Shows,17-06,41
7,IMDb: Movies & TV Shows,17-11,41
7,IMDb: Movies & TV Shows,18-01,41
9,Panda Express,22-09,41
11,My Earthquake Alerts - Map,23-11,41
14,Dairy Queen® Food & Treats,20-03,41
59,Xbox,21-06,41
137,Realtor.com Real Estate & Rent,18-05,41
174,Bluesky,23-06,41
179,U-Haul,18-11,41
179,U-Haul,20-07,41
179,U-Haul,20-10,41
179,U-Haul,21-03,41
179,U-Haul,23-03,41
217,Frontier Airlines,21-08,41
1,Western Union Send Money Now,18-04,42
10,Safeway Deals & Delivery,15-10,42
11,My Earthquake Alerts - Map,19-10,42
14,Dairy Queen® Food & Treats,19-05,42
15,DoorDash - Dasher,19-11,42
58,Subway®,23-04,42
59,Xbox,23-02,42
94,Planet Fitness Workouts,20-06,42
137,Realtor.com Real Estate & Rent,17-07,42
174,Bluesky,24-03,42
179,U-Haul,23-04,42
179,U-Haul,25-02,42
7,IMDb: Movies & TV Shows,15-12,43
7,IMDb: Movies & TV Shows,16-06,43
7,IMDb: Movies & TV Shows,16-11,43
59,Xbox,23-04,43
137,Realtor.com Real Estate & Rent,16-08,43
178,NCAA March Madness Live,21-04,43
179,U-Haul,21-05,43
7,IMDb: Movies & TV Shows,18-03,44
9,Panda Express,19-06,44
11,My Earthquake Alerts - Map,21-02,44
11,My Earthquake Alerts - Map,23-12,44
58,Subway®,22-09,44
59,Xbox,23-01,44
137,Realtor.com Real Estate & Rent,16-04,44
7,IMDb: Movies & TV Shows,17-03,45
9,Panda Express,21-06,45
9,Panda Express,22-06,45
11,My Earthquake Alerts - Map,24-08,45
11,My Earthquake Alerts - Map,25-01,45
15,DoorDash - Dasher,19-02,45
15,DoorDash - Dasher,20-02,45
58,Subway®,23-03,45
59,Xbox,22-01,45
94,Planet Fitness Workouts,18-09,45
94,Planet Fitness Workouts,20-05,45
137,Realtor.com Real Estate & Rent,17-03,45
137,Realtor.com Real Estate & Rent,17-06,45
137,Realtor.com Real Estate & Rent,18-04,45
217,Frontier Airlines,19-11,45
217,Frontier Airlines,20-10,45
217,Frontier Airlines,21-03,45
6,AXS Tickets,19-01,46
8,Wingstop,22-02,46
9,Panda Express,21-04,46
18,Google Wallet,21-06,46
18,Google Wallet,21-07,46
137,Realtor.com Real Estate & Rent,16-06,46
174,Bluesky,24-05,46
179,U-Haul,22-02,46
6,AXS Tickets,19-02,47
137,Realtor.com Real Estate & Rent,17-08,47
137,Realtor.com Real Estate & Rent,18-03,47
6,AXS Tickets,23-01,48
8,Wingstop,14-01,48
9,Panda Express,22-02,48
9,Panda Express,22-08,48
10,Safeway Deals & Delivery,20-05,48
11,My Earthquake Alerts - Map,20-10,48
14,Dairy Queen® Food & Treats,19-07,48
58,Subway®,22-12,48
137,Realtor.com Real Estate & Rent,16-03,48
137,Realtor.com Real Estate & Rent,18-02,48
139,"Linky AI: Chat, Play, Connect",23-10,48
141,Google Play Games,22-09,48
179,U-Haul,18-08,48
179,U-Haul,20-08,48
1,Western Union Send Money Now,18-02,49
6,AXS Tickets,22-12,49
7,IMDb: Movies & TV Shows,18-07,49
8,Wingstop,14-02,49
15,DoorDash - Dasher,20-01,49
94,Planet Fitness Workouts,20-07,49
137,Realtor.com Real Estate & Rent,15-09,49
179,U-Haul,18-09,49
179,U-Haul,22-01,49
217,Frontier Airlines,22-01,49
1,Western Union Send Money Now,18-06,50
7,IMDb: Movies & TV Shows,17-12,50
8,Wingstop,20-01,50
9,Panda Express,21-01,50
9,Panda Express,21-09,50
11,My Earthquake Alerts - Map,25-03,50
58,Subway®,23-05,50
137,Realtor.com Real Estate & Rent,16-12,50
137,Realtor.com Real Estate & Rent,17-01,50
6,AXS Tickets,22-01,51
7,IMDb: Movies & TV Shows,17-01,51
7,IMDb: Movies & TV Shows,17-04,51
8,Wingstop,22-06,51
9,Panda Express,19-02,51
9,Panda Express,20-07,51
14,Dairy Queen® Food & Treats,21-12,51
58,Subway®,22-11,51
99,Amazon Alexa,19-04,51
99,Amazon Alexa,24-06,51
137,Realtor.com Real Estate & Rent,15-08,51
141,Google Play Games,23-05,51
141,Google Play Games,23-06,51
216,Smart Home Manager,18-09,51
217,Frontier Airlines,19-07,51
217,Frontier Airlines,20-03,51
6,AXS Tickets,19-07,52
11,My Earthquake Alerts - Map,21-01,52
15,DoorDash - Dasher,19-05,52
18,Google Wallet,21-01,52
57,Taco Bell Fast Food & Delivery,23-02,52
59,Xbox,19-08,52
179,U-Haul,24-12,52
217,Frontier Airlines,22-04,52
1,Western Union Send Money Now,18-03,54
9,Panda Express,21-02,54
11,My Earthquake Alerts - Map,21-03,54
14,Dairy Queen® Food & Treats,22-02,54
15,DoorDash - Dasher,19-12,54
15,DoorDash - Dasher,20-03,54
58,Subway®,22-06,54
59,Xbox,19-10,54
137,Realtor.com Real Estate & Rent,17-11,54
179,U-Haul,19-01,54
217,Frontier Airlines,19-06,54
217,Frontier Airlines,23-04,54
6,AXS Tickets,20-01,55
7,IMDb: Movies & TV Shows,16-07,55
7,IMDb: Movies & TV Shows,16-08,55
15,DoorDash - Dasher,19-10,55
58,Subway®,23-07,55
94,Planet Fitness Workouts,20-11,55
94,Planet Fitness Workouts,21-08,55
99,Amazon Alexa,19-07,55
179,U-Haul,18-10,55
2,"Priceline: Hotel, Flight & Car",25-03,56
7,IMDb: Movies & TV Shows,16-09,56
9,Panda Express,19-01,56
9,Panda Express,20-12,56
11,My Earthquake Alerts - Map,20-07,56
14,Dairy Queen® Food & Treats,18-10,56
179,U-Haul,18-12,56
179,U-Haul,20-11,56
179,U-Haul,21-04,56
179,U-Haul,21-06,56
8,Wingstop,23-02,57
8,Wingstop,23-04,57
14,Dairy Queen® Food & Treats,22-11,57
15,DoorDash - Dasher,19-04,57
58,Subway®,23-02,57
99,Amazon Alexa,19-03,57
99,Amazon Alexa,22-02,57
179,U-Haul,21-12,57
179,U-Haul,23-05,57
217,Frontier Airlines,21-12,57
6,AXS Tickets,19-04,58
6,AXS Tickets,19-06,58
8,Wingstop,19-11,58
8,Wingstop,22-05,58
9,Panda Express,19-05,58
58,Subway®,22-05,58
58,Subway®,23-06,58
99,Amazon Alexa,22-03,58
141,Google Play Games,23-11,58
179,U-Haul,25-01,58
6,AXS Tickets,19-12,59
9,Panda Express,19-12,59
9,Panda Express,20-02,59
11,My Earthquake Alerts - Map,23-03,59
18,Google Wallet,21-10,59
59,Xbox,20-02,59
59,Xbox,20-09,59
94,Planet Fitness Workouts,18-11,59
94,Planet Fitness Workouts,21-03,59
94,Planet Fitness Workouts,25-04,59
137,Realtor.com Real Estate & Rent,17-04,59
179,U-Haul,22-04,59
217,Frontier Airlines,22-03,59
217,Frontier Airlines,22-09,59
6,AXS Tickets,19-08,60
8,Wingstop,24-10,60
11,My Earthquake Alerts - Map,20-09,60
14,Dairy Queen® Food & Treats,22-01,60
59,Xbox,21-12,60
94,Planet Fitness Workouts,18-12,60
99,Amazon Alexa,19-02,60
141,Google Play Games,23-09,60
217,Frontier Airlines,22-05,60
6,AXS Tickets,20-03,61
6,AXS Tickets,23-07,61
8,Wingstop,22-10,61
8,Wingstop,23-07,61
8,Wingstop,23-11,61
18,Google Wallet,21-04,61
94,Planet Fitness Workouts,20-12,61
94,Planet Fitness Workouts,24-09,61
137,Realtor.com Real Estate & Rent,16-05,61
137,Realtor.com Real Estate & Rent,23-12,61
217,Frontier Airlines,19-05,61
8,Wingstop,23-05,62
9,Panda Express,20-11,62
10,Safeway Deals & Delivery,20-09,62
11,My Earthquake Alerts - Map,19-12,62
58,Subway®,22-10,62
94,Planet Fitness Workouts,21-12,62
141,Google Play Games,23-01,62
179,U-Haul,21-01,62
8,Wingstop,21-11,63
8,Wingstop,23-12,63
8,Wingstop,24-05,63
17,Yahoo Mail,24-01,63
18,Google Wallet,21-02,63
58,Subway®,23-09,63
58,Subway®,23-11,63
137,Realtor.com Real Estate & Rent,17-10,63
179,U-Haul,22-05,63
7,IMDb: Movies & TV Shows,16-12,64
9,Panda Express,18-12,64
9,Panda Express,23-02,64
11,My Earthquake Alerts - Map,23-09,64
17,Yahoo Mail,23-10,64
18,Google Wallet,21-11,64
18,Google Wallet,22-01,64
58,Subway®,18-09,64
94,Planet Fitness Workouts,20-03,64
94,Planet Fitness Workouts,21-10,64
99,Amazon Alexa,19-05,64
137,Realtor.com Real Estate & Rent,17-05,64
137,Realtor.com Real Estate & Rent,23-11,64
137,Realtor.com Real Estate & Rent,24-08,64
137,Realtor.com Real Estate & Rent,24-10,64
174,Bluesky,24-08,64
179,U-Haul,21-11,64
6,AXS Tickets,23-04,65
8,Wingstop,22-03,65
8,Wingstop,23-08,65
9,Panda Express,19-11,65
11,My Earthquake Alerts - Map,19-11,65
11,My Earthquake Alerts - Map,20-08,65
14,Dairy Queen® Food & Treats,22-12,65
58,Subway®,23-10,65
94,Planet Fitness Workouts,24-11,65
141,Google Play Games,24-01,65
178,NCAA March Madness Live,13-04,65
6,AXS Tickets,23-05,66
7,IMDb: Movies & TV Shows,17-09,66
9,Panda Express,23-05,66
17,Yahoo Mail,23-09,66
58,Subway®,23-01,66
59,Xbox,21-04,66
94,Planet Fitness Workouts,21-01,66
94,Planet Fitness Workouts,21-09,66
94,Planet Fitness Workouts,24-07,66
99,Amazon Alexa,19-08,66
99,Amazon Alexa,22-08,66
137,Realtor.com Real Estate & Rent,15-07,66
137,Realtor.com Real Estate & Rent,24-12,66
179,U-Haul,21-10,66
6,AXS Tickets,23-02,67
7,IMDb: Movies & TV Shows,17-02,67
8,Wingstop,20-02,67
8,Wingstop,23-10,67
14,Dairy Queen® Food & Treats,21-11,67
14,Dairy Queen® Food & Treats,23-01,67
58,Subway®,22-08,67
59,Xbox,20-01,67
94,Planet Fitness Workouts,18-10,67
94,Planet Fitness Workouts,19-12,67
98,YouTube TV: Live TV & more,25-04,67
137,Realtor.com Real Estate & Rent,25-04,67
139,"Linky AI: Chat, Play, Connect",23-11,67
141,Google Play Games,22-11,67
141,Google Play Games,23-08,67
179,U-Haul,21-07,67
179,U-Haul,22-03,67
179,U-Haul,24-11,67
217,Frontier Airlines,23-03,67
6,AXS Tickets,21-08,68
8,Wingstop,22-01,68
8,Wingstop,23-03,68
9,Panda Express,19-09,68
17,Yahoo Mail,23-11,68
18,Google Wallet,21-08,68
94,Planet Fitness Workouts,23-09,68
98,YouTube TV: Live TV & more,18-06,68
141,Google Play Games,24-09,68
177,Talkie: Creative AI Community,23-07,68
178,NCAA March Madness Live,22-04,68
179,U-Haul,20-12,68
8,Wingstop,14-03,69
94,Planet Fitness Workouts,19-11,69
94,Planet Fitness Workouts,22-09,69
137,Realtor.com Real Estate & Rent,24-05,69
137,Realtor.com Real Estate & Rent,24-07,69
179,U-Haul,21-09,69
214,TikTok Studio,25-04,69
6,AXS Tickets,20-02,70
7,IMDb: Movies & TV Shows,18-12,70
8,Wingstop,21-12,70
8,Wingstop,23-06,70
14,Dairy Queen® Food & Treats,23-02,70
57,Taco Bell Fast Food & Delivery,18-10,70
58,Subway®,24-06,70
58,Subway®,24-07,70
59,Xbox,20-03,70
98,YouTube TV: Live TV & more,23-07,70
137,Realtor.com Real Estate & Rent,24-04,70
141,Google Play Games,23-02,70
141,Google Play Games,24-08,70
179,U-Haul,19-02,70
217,Frontier Airlines,23-02,70
7,IMDb: Movies & TV Shows,19-04,71
15,DoorDash - Dasher,19-08,71
17,Yahoo Mail,22-09,71
57,Taco Bell Fast Food & Delivery,18-11,71
96,Local News: Breaking & Latest,23-09,71
99,Amazon Alexa,22-09,71
99,Amazon Alexa,24-02,71
137,Realtor.com Real Estate & Rent,17-02,71
174,Bluesky,23-11,71
178,NCAA March Madness Live,15-04,71
179,U-Haul,23-06,71
6,AXS Tickets,19-09,72
8,Wingstop,21-09,72
8,Wingstop,22-11,72
8,Wingstop,24-04,72
58,Subway®,22-07,72
58,Subway®,24-02,72
94,Planet Fitness Workouts,20-10,72
94,Planet Fitness Workouts,24-10,72
99,Amazon Alexa,19-09,72
99,Amazon Alexa,23-02,72
141,Google Play Games,24-04,72
141,Google Play Games,24-06,72
178,NCAA March Madness Live,16-04,72
178,NCAA March Madness Live,19-04,72
179,U-Haul,25-03,72
216,Smart Home Manager,18-05,72
6,AXS Tickets,21-12,73
7,IMDb: Movies & TV Shows,23-05,73
8,Wingstop,25-01,73
9,Panda Express,19-10,73
17,Yahoo Mail,23-07,73
18,Google Wallet,22-02,73
18,Google Wallet,22-06,73
59,Xbox,19-09,73
94,Planet Fitness Workouts,23-08,73
94,Planet Fitness Workouts,23-10,73
137,Realtor.com Real Estate & Rent,23-10,73
137,Realtor.com Real Estate & Rent,24-11,73
141,Google Play Games,23-12,73
216,Smart Home Manager,18-10,73
1,Western Union Send Money Now,17-12,74
7,IMDb: Movies & TV Shows,18-11,74
7,IMDb: Movies & TV Shows,19-06,74
8,Wingstop,21-08,74
8,Wingstop,21-10,74
8,Wingstop,24-01,74
14,Dairy Queen® Food & Treats,20-12,74
14,Dairy Queen® Food & Treats,22-10,74
17,Yahoo Mail,22-02,74
17,Yahoo Mail,23-04,74
94,Planet Fitness Workouts,24-04,74
99,Amazon Alexa,23-09,74
99,Amazon Alexa,23-10,74
99,Amazon Alexa,24-03,74
137,Realtor.com Real Estate & Rent,24-06,74
175,Alibaba.com - B2B marketplace,18-09,74
6,AXS Tickets,23-06,75
7,IMDb: Movies & TV Shows,19-05,75
8,Wingstop,23-01,75
11,My Earthquake Alerts - Map,20-05,75
59,Xbox,25-04,75
94,Planet Fitness Workouts,24-08,75
99,Amazon Alexa,23-06,75
137,Realtor.com Real Estate & Rent,23-02,75
141,Google Play Games,24-07,75
6,AXS Tickets,19-10,76
6,AXS Tickets,22-02,76
6,AXS Tickets,23-08,76
8,Wingstop,22-12,76
8,Wingstop,23-09,76
14,Dairy Queen® Food & Treats,20-10,76
17,Yahoo Mail,23-03,76
58,Subway®,23-12,76
94,Planet Fitness Workouts,24-12,76
99,Amazon Alexa,18-10,76
137,Realtor.com Real Estate & Rent,15-11,76
137,Realtor.com Real Estate & Rent,21-11,76
179,U-Haul,24-10,76
217,Frontier Airlines,23-05,76
6,AXS Tickets,22-11,77
7,IMDb: Movies & TV Shows,24-10,77
8,Wingstop,20-11,77
8,Wingstop,21-02,77
8,Wingstop,24-02,77
8,Wingstop,25-04,77
9,Panda Express,21-05,77
9,Panda Express,22-10,77
10,Safeway Deals & Delivery,20-08,77
14,Dairy Queen® Food & Treats,19-06,77
14,Dairy Queen® Food & Treats,23-11,77
15,DoorDash - Dasher,20-07,77
15,DoorDash - Dasher,20-10,77
18,Google Wallet,18-09,77
94,Planet Fitness Workouts,21-07,77
8,Wingstop,22-08,78
8,Wingstop,24-03,78
8,Wingstop,24-09,78
9,Panda Express,22-07,78
15,DoorDash - Dasher,19-03,78
99,Amazon Alexa,23-01,78
141,Google Play Games,24-05,78
217,Frontier Airlines,22-07,78
6,AXS Tickets,23-11,79
8,Wingstop,22-09,79
9,Panda Express,19-08,79
14,Dairy Queen® Food & Treats,21-02,79
15,DoorDash - Dasher,21-02,79
59,Xbox,20-06,79
99,Amazon Alexa,24-07,79
137,Realtor.com Real Estate & Rent,23-09,79
8,Wingstop,21-07,80
8,Wingstop,24-06,80
8,Wingstop,24-11,80
17,Yahoo Mail,23-08,80
99,Amazon Alexa,19-01,80
99,Amazon Alexa,22-04,80
137,Realtor.com Real Estate & Rent,23-05,80
141,Google Play Games,22-07,80
141,Google Play Games,22-08,80
174,Bluesky,24-01,80
217,Frontier Airlines,22-10,80
6,AXS Tickets,19-11,81
7,IMDb: Movies & TV Shows,17-10,81
9,Panda Express,23-04,81
10,Safeway Deals & Delivery,23-04,81
18,Google Wallet,20-12,81
18,Google Wallet,21-09,81
18,Google Wallet,21-12,81
58,Subway®,24-05,81
58,Subway®,24-08,81
99,Amazon Alexa,22-07,81
99,Amazon Alexa,22-10,81
137,Realtor.com Real Estate & Rent,23-06,81
141,Google Play Games,22-12,81
141,Google Play Games,23-10,81
6,AXS Tickets,19-03,82
7,IMDb: Movies & TV Shows,19-01,82
7,IMDb: Movies & TV Shows,23-04,82
8,Wingstop,19-10,82
8,Wingstop,19-12,82
8,Wingstop,22-07,82
14,Dairy Queen® Food & Treats,20-11,82
17,Yahoo Mail,22-01,82
57,Taco Bell Fast Food & Delivery,24-01,82
99,Amazon Alexa,24-08,82
137,Realtor.com Real Estate & Rent,25-01,82
141,Google Play Games,22-10,82
141,Google Play Games,24-03,82
179,U-Haul,19-10,82
9,Panda Express,20-01,83
10,Safeway Deals & Delivery,23-06,83
14,Dairy Queen® Food & Treats,21-08,83
17,Yahoo Mail,23-05,83
17,Yahoo Mail,23-06,83
18,Google Wallet,22-03,83
57,Taco Bell Fast Food & Delivery,23-12,83
94,Planet Fitness Workouts,21-11,83
99,Amazon Alexa,23-07,83
137,Realtor.com Real Estate & Rent,24-09,83
8,Wingstop,22-04,84
11,My Earthquake Alerts - Map,23-02,84
14,Dairy Queen® Food & Treats,21-09,84
98,YouTube TV: Live TV & more,18-07,84
98,YouTube TV: Live TV & more,24-06,84
99,Amazon Alexa,24-04,84
137,Realtor.com Real Estate & Rent,23-07,84
137,Realtor.com Real Estate & Rent,24-03,84
7,IMDb: Movies & TV Shows,24-05,85
8,Wingstop,20-08,85
8,Wingstop,21-05,85
10,Safeway Deals & Delivery,18-09,85
11,My Earthquake Alerts - Map,20-02,85
11,My Earthquake Alerts - Map,20-04,85
15,DoorDash - Dasher,20-09,85
17,Yahoo Mail,23-02,85
18,Google Wallet,20-10,85
58,Subway®,24-01,85
58,Subway®,24-09,85
94,Planet Fitness Workouts,20-09,85
99,Amazon Alexa,22-06,85
99,Amazon Alexa,23-03,85
99,Amazon Alexa,24-09,85
137,Realtor.com Real Estate & Rent,20-11,85
6,AXS Tickets,22-05,86
6,AXS Tickets,22-08,86
6,AXS Tickets,23-03,86
7,IMDb: Movies & TV Shows,18-09,86
7,IMDb: Movies & TV Shows,19-02,86
7,IMDb: Movies & TV Shows,24-04,86
8,Wingstop,19-09,86
8,Wingstop,21-06,86
99,Amazon Alexa,24-01,86
137,Realtor.com Real Estate & Rent,16-02,86
140,Google Voice,19-07,86
8,Wingstop,21-04,87
10,Safeway Deals & Delivery,21-02,87
15,DoorDash - Dasher,20-05,87
17,Yahoo Mail,22-11,87
18,Google Wallet,21-03,87
18,Google Wallet,21-05,87
57,Taco Bell Fast Food & Delivery,24-02,87
59,Xbox,19-11,87
137,Realtor.com Real Estate & Rent,22-06,87
141,Google Play Games,18-09,87
214,TikTok Studio,25-02,87
6,AXS Tickets,22-07,88
8,Wingstop,20-06,88
9,Panda Express,21-08,88
15,DoorDash - Dasher,20-08,88
18,Google Wallet,20-07,88
94,Planet Fitness Workouts,22-10,88
99,Amazon Alexa,21-08,88
141,Google Play Games,23-03,88
174,Bluesky,24-06,88
6,AXS Tickets,23-10,89
7,IMDb: Movies & TV Shows,24-06,89
10,Safeway Deals & Delivery,21-04,89
15,DoorDash - Dasher,21-01,89
18,Google Wallet,22-04,89
98,YouTube TV: Live TV & more,24-08,89
137,Realtor.com Real Estate & Rent,16-01,89
217,Frontier Airlines,21-07,89
217,Frontier Airlines,22-12,89
6,AXS Tickets,19-05,90
7,IMDb: Movies & TV Shows,23-06,90
9,Panda Express,22-11,90
14,Dairy Queen® Food & Treats,23-03,90
18,Google Wallet,20-03,90
18,Google Wallet,20-06,90
18,Google Wallet,22-05,90
59,Xbox,21-03,90
94,Planet Fitness Workouts,21-06,90
94,Planet Fitness Workouts,22-08,90
99,Amazon Alexa,20-03,90
137,Realtor.com Real Estate & Rent,15-10,90
137,Realtor.com Real Estate & Rent,25-03,90
217,Frontier Airlines,21-10,90
10,Safeway Deals & Delivery,23-02,91
17,Yahoo Mail,22-03,91
17,Yahoo Mail,22-10,91
94,Planet Fitness Workouts,21-04,91
94,Planet Fitness Workouts,25-03,91
98,YouTube TV: Live TV & more,24-04,91
137,Realtor.com Real Estate & Rent,22-11,91
137,Realtor.com Real Estate & Rent,23-08,91
6,AXS Tickets,23-12,92
6,AXS Tickets,24-01,92
7,IMDb: Movies & TV Shows,23-03,92
11,My Earthquake Alerts - Map,15-05,92
57,Taco Bell Fast Food & Delivery,18-12,92
98,YouTube TV: Live TV & more,23-06,92
99,Amazon Alexa,20-09,92
141,Google Play Games,22-05,92
216,Smart Home Manager,18-12,92
217,Frontier Airlines,23-01,92
6,AXS Tickets,21-07,93
6,AXS Tickets,24-12,93
7,IMDb: Movies & TV Shows,24-01,93
10,Safeway Deals & Delivery,22-10,93
11,My Earthquake Alerts - Map,19-07,93
17,Yahoo Mail,21-12,93
18,Google Wallet,20-08,93
94,Planet Fitness Workouts,23-03,93
94,Planet Fitness Workouts,23-06,93
98,YouTube TV: Live TV & more,22-02,93
137,Realtor.com Real Estate & Rent,24-01,93
217,Frontier Airlines,22-08,93
58,Subway®,19-12,94
59,Xbox,24-12,94
99,Amazon Alexa,23-04,94
179,U-Haul,19-12,94
217,Frontier Airlines,22-11,94
6,AXS Tickets,23-09,95
6,AXS Tickets,24-11,95
8,Wingstop,20-09,95
10,Safeway Deals & Delivery,23-12,95
57,Taco Bell Fast Food & Delivery,23-11,95
94,Planet Fitness Workouts,22-01,95
99,Amazon Alexa,24-05,95
141,Google Play Games,22-06,95
217,Frontier Airlines,22-06,95
8,Wingstop,20-03,96
9,Panda Express,20-06,96
17,Yahoo Mail,18-09,96
17,Yahoo Mail,24-04,96
99,Amazon Alexa,20-02,96
137,Realtor.com Real Estate & Rent,22-05,96
174,Bluesky,23-10,96
6,AXS Tickets,22-06,97
14,Dairy Queen® Food & Treats,21-01,97
57,Taco Bell Fast Food & Delivery,24-03,97
58,Subway®,22-03,97
94,Planet Fitness Workouts,23-05,97
94,Planet Fitness Workouts,24-06,97
98,YouTube TV: Live TV & more,23-04,97
98,YouTube TV: Live TV & more,24-07,97
99,Amazon Alexa,21-09,97
99,Amazon Alexa,22-05,97
140,Google Voice,19-06,97
141,Google Play Games,19-01,97
141,Google Play Games,23-07,97
179,U-Haul,24-09,97
9,Panda Express,22-12,98
14,Dairy Queen® Food & Treats,21-07,98
17,Yahoo Mail,24-09,98
57,Taco Bell Fast Food & Delivery,19-04,98
57,Taco Bell Fast Food & Delivery,23-09,98
94,Planet Fitness Workouts,21-05,98
94,Planet Fitness Workouts,23-04,98
98,YouTube TV: Live TV & more,22-01,98
99,Amazon Alexa,23-05,98
137,Realtor.com Real Estate & Rent,23-04,98
7,IMDb: Movies & TV Shows,24-03,99
10,Safeway Deals & Delivery,23-03,99
14,Dairy Queen® Food & Treats,22-09,99
98,YouTube TV: Live TV & more,21-11,99
98,YouTube TV: Live TV & more,24-05,99
99,Amazon Alexa,22-12,99
216,Smart Home Manager,23-05,99
7,IMDb: Movies & TV Shows,18-10,100
7,IMDb: Movies & TV Shows,24-02,100
7,IMDb: Movies & TV Shows,24-09,100
14,Dairy Queen® Food & Treats,22-08,100
17,Yahoo Mail,21-10,100
94,Planet Fitness Workouts,19-07,100
99,Amazon Alexa,18-11,100
141,Google Play Games,22-04,100
178,NCAA March Madness Live,14-04,100
216,Smart Home Manager,18-11,100
6,AXS Tickets,24-08,101
10,Safeway Deals & Delivery,22-11,101
10,Safeway Deals & Delivery,23-07,101
15,DoorDash - Dasher,20-06,101
15,DoorDash - Dasher,24-05,101
17,Yahoo Mail,22-07,101
57,Taco Bell Fast Food & Delivery,23-01,101
94,Planet Fitness Workouts,22-11,101
98,YouTube TV: Live TV & more,21-08,101
98,YouTube TV: Live TV & more,23-08,101
99,Amazon Alexa,23-08,101
137,Realtor.com Real Estate & Rent,24-02,101
179,U-Haul,19-11,101
6,AXS Tickets,21-09,102
18,Google Wallet,20-04,102
57,Taco Bell Fast Food & Delivery,23-03,102
58,Subway®,18-10,102
58,Subway®,18-11,102
58,Subway®,22-02,102
59,Xbox,25-01,102
99,Amazon Alexa,23-12,102
137,Realtor.com Real Estate & Rent,22-09,102
140,Google Voice,19-08,102
141,Google Play Games,21-01,102
179,U-Haul,19-04,102
6,AXS Tickets,21-11,103
8,Wingstop,14-04,103
8,Wingstop,21-03,103
15,DoorDash - Dasher,20-12,103
56,Google Calendar,23-12,103
94,Planet Fitness Workouts,19-05,103
98,YouTube TV: Live TV & more,18-08,103
141,Google Play Games,22-03,103
216,Smart Home Manager,24-02,103
217,Frontier Airlines,20-02,103
7,IMDb: Movies & TV Shows,23-09,104
17,Yahoo Mail,21-11,104
96,Local News: Breaking & Latest,25-04,104
137,Realtor.com Real Estate & Rent,25-02,104
7,IMDb: Movies & TV Shows,23-12,105
8,Wingstop,19-08,105
8,Wingstop,24-08,105
9,Panda Express,23-01,105
10,Safeway Deals & Delivery,24-02,105
14,Dairy Queen® Food & Treats,23-12,105
17,Yahoo Mail,22-08,105
18,Google Wallet,20-05,105
94,Planet Fitness Workouts,24-05,105
98,YouTube TV: Live TV & more,22-08,105
98,YouTube TV: Live TV & more,23-05,105
99,Amazon Alexa,21-10,105
175,Alibaba.com - B2B marketplace,23-04,105
179,U-Haul,24-07,105
7,IMDb: Movies & TV Shows,23-02,106
8,Wingstop,20-12,106
10,Safeway Deals & Delivery,23-05,106
11,My Earthquake Alerts - Map,20-06,106
14,Dairy Queen® Food & Treats,20-09,106
14,Dairy Queen® Food & Treats,21-10,106
94,Planet Fitness Workouts,25-01,106
141,Google Play Games,21-12,106
214,TikTok Studio,24-07,106
1,Western Union Send Money Now,18-09,107
14,Dairy Queen® Food & Treats,23-06,107
15,DoorDash - Dasher,19-07,107
57,Taco Bell Fast Food & Delivery,24-06,107
59,Xbox,19-12,107
59,Xbox,20-07,107
98,YouTube TV: Live TV & more,22-12,107
99,Amazon Alexa,21-03,107
140,Google Voice,24-04,107
217,Frontier Airlines,21-11,107
6,AXS Tickets,21-10,108
6,AXS Tickets,24-10,108
10,Safeway Deals & Delivery,22-12,108
10,Safeway Deals & Delivery,23-01,108
56,Google Calendar,24-07,108
58,Subway®,18-12,108
98,YouTube TV: Live TV & more,19-07,108
98,YouTube TV: Live TV & more,22-06,108
137,Realtor.com Real Estate & Rent,22-10,108
140,Google Voice,24-05,108
175,Alibaba.com - B2B marketplace,23-11,108
6,AXS Tickets,22-04,109
7,IMDb: Movies & TV Shows,19-03,109
9,Panda Express,23-03,109
14,Dairy Queen® Food & Treats,20-06,109
17,Yahoo Mail,22-12,109
18,Google Wallet,20-11,109
56,Google Calendar,23-02,109
59,Xbox,21-01,109
94,Planet Fitness Workouts,23-02,109
141,Google Play Games,22-02,109
174,Bluesky,23-08,109
179,U-Haul,23-07,109
8,Wingstop,19-07,110
8,Wingstop,20-07,110
8,Wingstop,24-12,110
10,Safeway Deals & Delivery,21-03,110
56,Google Calendar,22-12,110
57,Taco Bell Fast Food & Delivery,24-04,110
94,Planet Fitness Workouts,22-05,110
98,YouTube TV: Live TV & more,24-02,110
140,Google Voice,20-02,110
179,U-Haul,21-08,110
216,Smart Home Manager,25-04,110
6,AXS Tickets,24-09,111
8,Wingstop,20-10,111
8,Wingstop,21-01,111
14,Dairy Queen® Food & Treats,21-05,111
14,Dairy Queen® Food & Treats,21-06,111
14,Dairy Queen® Food & Treats,23-10,111
14,Dairy Queen® Food & Treats,24-01,111
58,Subway®,24-03,111
94,Planet Fitness Workouts,20-02,111
99,Amazon Alexa,21-07,111
141,Google Play Games,19-03,111
141,Google Play Games,25-04,111
179,U-Haul,23-08,111
216,Smart Home Manager,23-03,111
6,AXS Tickets,22-10,112
7,IMDb: Movies & TV Shows,23-08,112
7,IMDb: Movies & TV Shows,24-07,112
10,Safeway Deals & Delivery,21-05,112
15,DoorDash - Dasher,23-02,112
17,Yahoo Mail,19-06,112
17,Yahoo Mail,22-06,112
18,Google Wallet,23-12,112
57,Taco Bell Fast Food & Delivery,20-02,112
216,Smart Home Manager,19-01,112
10,Safeway Deals & Delivery,23-08,113
10,Safeway Deals & Delivery,24-05,113
18,Google Wallet,20-09,113
56,Google Calendar,24-06,113
94,Planet Fitness Workouts,19-10,113
94,Planet Fitness Workouts,23-07,113
99,Amazon Alexa,20-05,113
99,Amazon Alexa,20-06,113
137,Realtor.com Real Estate & Rent,15-12,113
179,U-Haul,23-10,113
216,Smart Home Manager,22-12,113
11,My Earthquake Alerts - Map,20-03,114
15,DoorDash - Dasher,24-09,114
57,Taco Bell Fast Food & Delivery,19-11,114
58,Subway®,19-11,114
98,YouTube TV: Live TV & more,21-05,114
98,YouTube TV: Live TV & more,22-05,114
99,Amazon Alexa,21-04,114
99,Amazon Alexa,21-11,114
137,Realtor.com Real Estate & Rent,23-01,114
214,TikTok Studio,24-09,114
6,AXS Tickets,25-01,115
7,IMDb: Movies & TV Shows,24-08,115
57,Taco Bell Fast Food & Delivery,22-12,115
94,Planet Fitness Workouts,19-06,115
99,Amazon Alexa,21-01,115
179,U-Haul,23-09,115
179,U-Haul,23-12,115
6,AXS Tickets,24-07,116
7,IMDb: Movies & TV Shows,23-11,116
9,Panda Express,23-06,116
17,Yahoo Mail,22-05,116
58,Subway®,22-04,116
99,Amazon Alexa,20-04,116
99,Amazon Alexa,21-02,116
139,"Linky AI: Chat, Play, Connect",23-12,116
15,DoorDash - Dasher,19-09,117
15,DoorDash - Dasher,22-12,117
17,Yahoo Mail,23-12,117
57,Taco Bell Fast Food & Delivery,23-06,117
58,Subway®,19-02,117
94,Planet Fitness Workouts,22-04,117
99,Amazon Alexa,21-06,117
140,Google Voice,23-08,117
141,Google Play Games,19-02,117
179,U-Haul,24-08,117
216,Smart Home Manager,24-08,117
10,Safeway Deals & Delivery,18-12,118
10,Safeway Deals & Delivery,20-04,118
10,Safeway Deals & Delivery,21-01,118
14,Dairy Queen® Food & Treats,20-08,118
59,Xbox,21-02,118
141,Google Play Games,21-02,118
175,Alibaba.com - B2B marketplace,23-02,118
216,Smart Home Manager,23-11,118
7,IMDb: Movies & TV Shows,23-01,119
18,Google Wallet,20-02,119
58,Subway®,20-01,119
94,Planet Fitness Workouts,25-02,119
98,YouTube TV: Live TV & more,21-07,119
98,YouTube TV: Live TV & more,22-11,119
179,U-Haul,19-03,119
179,U-Haul,24-01,119
216,Smart Home Manager,19-03,119
216,Smart Home Manager,23-02,119
216,Smart Home Manager,23-04,119
6,AXS Tickets,24-06,120
14,Dairy Queen® Food & Treats,20-04,120
14,Dairy Queen® Food & Treats,21-04,120
17,Yahoo Mail,19-08,120
17,Yahoo Mail,24-07,120
18,Google Wallet,23-01,120
57,Taco Bell Fast Food & Delivery,19-02,120
98,YouTube TV: Live TV & more,21-06,120
98,YouTube TV: Live TV & more,22-04,120
98,YouTube TV: Live TV & more,23-02,120
141,Google Play Games,19-10,120
214,TikTok Studio,24-10,120
216,Smart Home Manager,24-06,120
17,Yahoo Mail,22-04,121
57,Taco Bell Fast Food & Delivery,19-07,121
57,Taco Bell Fast Food & Delivery,22-11,121
99,Amazon Alexa,19-06,121
137,Realtor.com Real Estate & Rent,21-06,121
140,Google Voice,24-03,121
141,Google Play Games,19-09,121
216,Smart Home Manager,23-12,121
17,Yahoo Mail,19-02,122
56,Google Calendar,23-04,122
98,YouTube TV: Live TV & more,22-03,122
98,YouTube TV: Live TV & more,24-09,122
175,Alibaba.com - B2B marketplace,23-05,122
216,Smart Home Manager,24-03,122
1,Western Union Send Money Now,24-09,123
10,Safeway Deals & Delivery,22-02,123
56,Google Calendar,23-01,123
140,Google Voice,24-06,123
141,Google Play Games,18-12,123
141,Google Play Games,19-04,123
216,Smart Home Manager,24-09,123
7,IMDb: Movies & TV Shows,22-10,124
14,Dairy Queen® Food & Treats,20-05,124
14,Dairy Queen® Food & Treats,21-03,124
15,DoorDash - Dasher,23-08,124
18,Google Wallet,19-12,124
56,Google Calendar,22-11,124
98,YouTube TV: Live TV & more,23-01,124
98,YouTube TV: Live TV & more,23-03,124
98,YouTube TV: Live TV & more,24-03,124
137,Realtor.com Real Estate & Rent,21-09,124
140,Google Voice,24-08,124
174,Bluesky,23-12,124
175,Alibaba.com - B2B marketplace,19-02,124
175,Alibaba.com - B2B marketplace,22-10,124
10,Safeway Deals & Delivery,24-09,125
14,Dairy Queen® Food & Treats,24-12,125
14,Dairy Queen® Food & Treats,25-02,125
56,Google Calendar,24-02,125
57,Taco Bell Fast Food & Delivery,23-10,125
58,Subway®,19-04,125
99,Amazon Alexa,24-10,125
140,Google Voice,23-03,125
141,Google Play Games,19-07,125
175,Alibaba.com - B2B marketplace,19-06,125
216,Smart Home Manager,23-06,125
7,IMDb: Movies & TV Shows,22-11,126
8,Wingstop,20-05,126
8,Wingstop,25-02,126
10,Safeway Deals & Delivery,20-11,126
15,DoorDash - Dasher,20-11,126
56,Google Calendar,23-05,126
57,Taco Bell Fast Food & Delivery,19-12,126
57,Taco Bell Fast Food & Delivery,20-01,126
98,YouTube TV: Live TV & more,21-10,126
99,Amazon Alexa,20-07,126
140,Google Voice,18-10,126
175,Alibaba.com - B2B marketplace,24-01,126
1,Western Union Send Money Now,24-08,127
14,Dairy Queen® Food & Treats,20-07,127
17,Yahoo Mail,18-12,127
57,Taco Bell Fast Food & Delivery,19-01,127
57,Taco Bell Fast Food & Delivery,19-06,127
137,Realtor.com Real Estate & Rent,22-04,127
137,Realtor.com Real Estate & Rent,23-03,127
140,Google Voice,18-11,127
174,Bluesky,24-02,127
175,Alibaba.com - B2B marketplace,23-06,127
175,Alibaba.com - B2B marketplace,24-05,127
178,NCAA March Madness Live,17-04,127
1,Western Union Send Money Now,24-06,128
14,Dairy Queen® Food & Treats,25-01,128
56,Google Calendar,22-06,128
56,Google Calendar,22-10,128
98,YouTube TV: Live TV & more,23-10,128
99,Amazon Alexa,19-11,128
99,Amazon Alexa,22-01,128
99,Amazon Alexa,23-11,128
141,Google Play Games,19-11,128
141,Google Play Games,20-09,128
174,Bluesky,23-05,128
175,Alibaba.com - B2B marketplace,19-01,128
175,Alibaba.com - B2B marketplace,23-07,128
175,Alibaba.com - B2B marketplace,24-03,128
175,Alibaba.com - B2B marketplace,24-04,128
179,U-Haul,19-05,128
217,Frontier Airlines,20-01,128
10,Safeway Deals & Delivery,20-02,129
57,Taco Bell Fast Food & Delivery,19-05,129
140,Google Voice,19-11,129
140,Google Voice,23-09,129
216,Smart Home Manager,19-04,129
217,Frontier Airlines,21-09,129
7,IMDb: Movies & TV Shows,20-12,130
7,IMDb: Movies & TV Shows,22-12,130
10,Safeway Deals & Delivery,19-11,130
14,Dairy Queen® Food & Treats,25-04,130
17,Yahoo Mail,24-05,130
57,Taco Bell Fast Food & Delivery,24-05,130
58,Subway®,19-03,130
99,Amazon Alexa,20-12,130
179,U-Haul,24-06,130
214,TikTok Studio,24-06,130
214,TikTok Studio,25-03,130
58,Subway®,19-10,131
141,Google Play Games,21-11,131
175,Alibaba.com - B2B marketplace,23-08,131
175,Alibaba.com - B2B marketplace,23-10,131
179,U-Haul,19-09,131
8,Wingstop,19-06,132
15,DoorDash - Dasher,21-03,132
15,DoorDash - Dasher,23-10,132
18,Google Wallet,23-07,132
56,Google Calendar,20-04,132
56,Google Calendar,23-03,132
57,Taco Bell Fast Food & Delivery,19-03,132
94,Planet Fitness Workouts,19-04,132
98,YouTube TV: Live TV & more,19-06,132
98,YouTube TV: Live TV & more,24-11,132
99,Amazon Alexa,19-10,132
99,Amazon Alexa,20-01,132
137,Realtor.com Real Estate & Rent,22-07,132
175,Alibaba.com - B2B marketplace,24-02,132
217,Frontier Airlines,23-11,132
7,IMDb: Movies & TV Shows,20-11,133
15,DoorDash - Dasher,23-09,133
15,DoorDash - Dasher,24-02,133
17,Yahoo Mail,21-07,133
17,Yahoo Mail,23-01,133
56,Google Calendar,22-09,133
141,Google Play Games,19-05,133
141,Google Play Games,21-08,133
175,Alibaba.com - B2B marketplace,18-12,133
216,Smart Home Manager,23-07,133
10,Safeway Deals & Delivery,22-03,134
15,DoorDash - Dasher,24-06,134
15,DoorDash - Dasher,24-07,134
18,Google Wallet,19-11,134
56,Google Calendar,24-01,134
98,YouTube TV: Live TV & more,22-07,134
140,Google Voice,23-04,134
141,Google Play Games,21-09,134
175,Alibaba.com - B2B marketplace,24-09,134
179,U-Haul,19-08,134
14,Dairy Queen® Food & Treats,23-05,135
94,Planet Fitness Workouts,23-01,135
174,Bluesky,23-07,135
175,Alibaba.com - B2B marketplace,23-09,135
216,Smart Home Manager,24-05,135
14,Dairy Queen® Food & Treats,23-08,136
15,DoorDash - Dasher,23-07,136
18,Google Wallet,20-01,136
18,Google Wallet,23-05,136
18,Google Wallet,24-07,136
59,Xbox,25-02,136
94,Planet Fitness Workouts,22-02,136
94,Planet Fitness Workouts,22-06,136
137,Realtor.com Real Estate & Rent,21-10,136
140,Google Voice,23-06,136
174,Bluesky,23-09,136
175,Alibaba.com - B2B marketplace,19-03,136
216,Smart Home Manager,24-01,136
217,Frontier Airlines,23-12,136
7,IMDb: Movies & TV Shows,23-10,137
7,IMDb: Movies & TV Shows,24-11,137
10,Safeway Deals & Delivery,21-07,137
14,Dairy Queen® Food & Treats,22-06,137
14,Dairy Queen® Food & Treats,23-07,137
17,Yahoo Mail,18-11,137
18,Google Wallet,19-07,137
58,Subway®,19-09,137
98,YouTube TV: Live TV & more,23-09,137
98,YouTube TV: Live TV & more,23-11,137
140,Google Voice,25-04,137
141,Google Play Games,21-05,137
216,Smart Home Manager,19-02,137
1,Western Union Send Money Now,24-07,138
10,Safeway Deals & Delivery,24-03,138
18,Google Wallet,19-06,138
56,Google Calendar,19-12,138
58,Subway®,19-01,138
58,Subway®,19-08,138
59,Xbox,24-11,138
94,Planet Fitness Workouts,23-12,138
98,YouTube TV: Live TV & more,21-12,138
98,YouTube TV: Live TV & more,23-12,138
98,YouTube TV: Live TV & more,24-10,138
140,Google Voice,23-05,138
179,U-Haul,19-07,138
216,Smart Home Manager,22-05,138
216,Smart Home Manager,22-11,138
10,Safeway Deals & Delivery,20-07,139
10,Safeway Deals & Delivery,23-11,139
15,DoorDash - Dasher,22-11,139
15,DoorDash - Dasher,24-08,139
18,Google Wallet,18-10,139
175,Alibaba.com - B2B marketplace,22-07,139
175,Alibaba.com - B2B marketplace,23-12,139
6,AXS Tickets,24-02,140
7,IMDb: Movies & TV Shows,21-01,140
14,Dairy Queen® Food & Treats,24-06,140
18,Google Wallet,23-02,140
18,Google Wallet,23-09,140
98,YouTube TV: Live TV & more,19-05,140
216,Smart Home Manager,19-06,140
216,Smart Home Manager,21-12,140
6,AXS Tickets,22-03,141
15,DoorDash - Dasher,24-04,141
57,Taco Bell Fast Food & Delivery,20-03,141
57,Taco Bell Fast Food & Delivery,20-11,141
57,Taco Bell Fast Food & Delivery,23-07,141
98,YouTube TV: Live TV & more,20-08,141
137,Realtor.com Real Estate & Rent,21-08,141
140,Google Voice,20-01,141
140,Google Voice,23-07,141
141,Google Play Games,20-11,141
179,U-Haul,19-06,141
10,Safeway Deals & Delivery,20-01,142
10,Safeway Deals & Delivery,22-09,142
17,Yahoo Mail,19-03,142
18,Google Wallet,19-02,142
56,Google Calendar,19-11,142
56,Google Calendar,22-07,142
56,Google Calendar,23-06,142
56,Google Calendar,24-04,142
140,Google Voice,23-10,142
140,Google Voice,24-02,142
140,Google Voice,24-09,142
141,Google Play Games,19-06,142
175,Alibaba.com - B2B marketplace,22-06,142
175,Alibaba.com - B2B marketplace,22-12,142
175,Alibaba.com - B2B marketplace,24-06,142
10,Safeway Deals & Delivery,21-06,143
56,Google Calendar,19-03,143
56,Google Calendar,24-09,143
57,Taco Bell Fast Food & Delivery,20-05,143
57,Taco Bell Fast Food & Delivery,23-04,143
98,YouTube TV: Live TV & more,22-10,143
137,Realtor.com Real Estate & Rent,19-01,143
137,Realtor.com Real Estate & Rent,22-12,143
140,Google Voice,24-07,143
140,Google Voice,24-10,143
179,U-Haul,24-02,143
7,IMDb: Movies & TV Shows,22-09,144
7,IMDb: Movies & TV Shows,23-07,144
8,Wingstop,14-05,144
56,Google Calendar,18-12,144
57,Taco Bell Fast Food & Delivery,20-06,144
57,Taco Bell Fast Food & Delivery,22-10,144
94,Planet Fitness Workouts,22-07,144
175,Alibaba.com - B2B marketplace,22-11,144
214,TikTok Studio,24-11,144
216,Smart Home Manager,23-08,144
8,Wingstop,19-04,145
17,Yahoo Mail,21-09,145
18,Google Wallet,18-11,145
18,Google Wallet,18-12,145
99,Amazon Alexa,21-12,145
137,Realtor.com Real Estate & Rent,21-12,145
140,Google Voice,23-02,145
175,Alibaba.com - B2B marketplace,19-07,145
179,U-Haul,23-11,145
7,IMDb: Movies & TV Shows,22-08,146
10,Safeway Deals & Delivery,19-06,146
14,Dairy Queen® Food & Treats,24-10,146
98,YouTube TV: Live TV & more,20-02,146
99,Amazon Alexa,20-08,146
137,Realtor.com Real Estate & Rent,22-08,146
141,Google Play Games,25-02,146
6,AXS Tickets,25-02,147
14,Dairy Queen® Food & Treats,24-11,147
94,Planet Fitness Workouts,20-01,147
140,Google Voice,23-01,147
6,AXS Tickets,21-06,148
7,IMDb: Movies & TV Shows,17-05,148
17,Yahoo Mail,19-07,148
137,Realtor.com Real Estate & Rent,21-07,148
140,Google Voice,18-12,148
140,Google Voice,22-11,148
141,Google Play Games,21-10,148
141,Google Play Games,23-04,148
175,Alibaba.com - B2B marketplace,22-08,148
7,IMDb: Movies & TV Shows,20-10,149
10,Safeway Deals & Delivery,24-04,149
10,Safeway Deals & Delivery,24-08,149
18,Google Wallet,24-05,149
56,Google Calendar,20-06,149
56,Google Calendar,23-11,149
59,Xbox,25-03,149
98,YouTube TV: Live TV & more,21-04,149
98,YouTube TV: Live TV & more,24-01,149
99,Amazon Alexa,20-11,149
141,Google Play Games,20-12,149
141,Google Play Games,25-03,149
7,IMDb: Movies & TV Shows,24-12,150
8,Wingstop,25-03,150
17,Yahoo Mail,21-06,150
99,Amazon Alexa,22-11,150
140,Google Voice,19-12,150
216,Smart Home Manager,22-07,150
10,Safeway Deals & Delivery,23-10,151
17,Yahoo Mail,19-01,151
18,Google Wallet,19-01,151
18,Google Wallet,19-03,151
18,Google Wallet,19-09,151
140,Google Voice,23-11,151
141,Google Play Games,25-01,151
175,Alibaba.com - B2B marketplace,19-05,151
175,Alibaba.com - B2B marketplace,23-03,151
175,Alibaba.com - B2B marketplace,24-10,151
7,IMDb: Movies & TV Shows,20-09,152
7,IMDb: Movies & TV Shows,22-02,152
9,Panda Express,24-07,152
10,Safeway Deals & Delivery,22-08,152
15,DoorDash - Dasher,23-12,152
17,Yahoo Mail,24-10,152
57,Taco Bell Fast Food & Delivery,23-05,152
98,YouTube TV: Live TV & more,19-08,152
139,"Linky AI: Chat, Play, Connect",24-01,152
175,Alibaba.com - B2B marketplace,18-10,152
175,Alibaba.com - B2B marketplace,23-01,152
216,Smart Home Manager,23-10,152
8,Wingstop,19-05,153
9,Panda Express,23-08,153
15,DoorDash - Dasher,23-01,153
56,Google Calendar,22-03,153
56,Google Calendar,23-07,153
58,Subway®,22-01,153
59,Xbox,20-08,153
98,YouTube TV: Live TV & more,20-04,153
98,YouTube TV: Live TV & more,20-05,153
140,Google Voice,18-09,153
9,Panda Express,21-12,154
56,Google Calendar,22-08,154
59,Xbox,20-05,154
94,Planet Fitness Workouts,19-01,154
94,Planet Fitness Workouts,22-12,154
214,TikTok Studio,24-12,154
216,Smart Home Manager,19-05,154
216,Smart Home Manager,22-02,154
216,Smart Home Manager,22-04,154
217,Frontier Airlines,24-02,154
10,Safeway Deals & Delivery,22-01,155
15,DoorDash - Dasher,22-09,155
17,Yahoo Mail,24-06,155
58,Subway®,24-04,155
94,Planet Fitness Workouts,23-11,155
98,YouTube TV: Live TV & more,21-03,155
141,Google Play Games,21-06,155
175,Alibaba.com - B2B marketplace,18-11,155
175,Alibaba.com - B2B marketplace,20-06,155
216,Smart Home Manager,21-11,155
217,Frontier Airlines,24-01,155
14,Dairy Queen® Food & Treats,24-07,156
15,DoorDash - Dasher,23-06,156
56,Google Calendar,24-05,156
141,Google Play Games,20-08,156
175,Alibaba.com - B2B marketplace,20-03,156
216,Smart Home Manager,24-10,156
217,Frontier Airlines,23-06,156
10,Safeway Deals & Delivery,19-09,157
18,Google Wallet,19-10,157
18,Google Wallet,23-11,157
56,Google Calendar,20-03,157
57,Taco Bell Fast Food & Delivery,21-01,157
58,Subway®,20-02,157
58,Subway®,24-10,157
98,YouTube TV: Live TV & more,20-06,157
141,Google Play Games,21-07,157
175,Alibaba.com - B2B marketplace,20-02,157
216,Smart Home Manager,24-07,157
6,AXS Tickets,24-05,158
10,Safeway Deals & Delivery,19-05,158
18,Google Wallet,24-06,158
57,Taco Bell Fast Food & Delivery,22-08,158
216,Smart Home Manager,24-11,158
1,Western Union Send Money Now,23-04,159
15,DoorDash - Dasher,22-06,159
98,YouTube TV: Live TV & more,25-03,159
216,Smart Home Manager,19-10,159
216,Smart Home Manager,19-11,159
1,Western Union Send Money Now,23-06,160
1,Western Union Send Money Now,24-03,160
7,IMDb: Movies & TV Shows,22-07,160
10,Safeway Deals & Delivery,20-06,160
14,Dairy Queen® Food & Treats,24-02,160
18,Google Wallet,22-12,160
18,Google Wallet,23-10,160
99,Amazon Alexa,21-05,160
141,Google Play Games,18-11,160
175,Alibaba.com - B2B marketplace,22-09,160
216,Smart Home Manager,22-09,160
1,Western Union Send Money Now,24-02,161
7,IMDb: Movies & TV Shows,25-04,161
10,Safeway Deals & Delivery,19-10,161
18,Google Wallet,19-04,161
98,YouTube TV: Live TV & more,20-01,161
99,Amazon Alexa,20-10,161
175,Alibaba.com - B2B marketplace,22-05,161
216,Smart Home Manager,23-01,161
217,Frontier Airlines,23-09,161
1,Western Union Send Money Now,24-10,162
7,IMDb: Movies & TV Shows,20-02,162
9,Panda Express,24-03,162
10,Safeway Deals & Delivery,24-10,162
58,Subway®,19-05,162
175,Alibaba.com - B2B marketplace,24-07,162
216,Smart Home Manager,19-09,162
216,Smart Home Manager,22-10,162
10,Safeway Deals & Delivery,24-07,163
14,Dairy Queen® Food & Treats,24-05,163
15,DoorDash - Dasher,21-09,163
56,Google Calendar,22-02,163
56,Google Calendar,22-04,163
57,Taco Bell Fast Food & Delivery,25-04,163
58,Subway®,19-06,163
10,Safeway Deals & Delivery,24-01,164
15,DoorDash - Dasher,22-08,164
18,Google Wallet,22-11,164
56,Google Calendar,24-08,164
57,Taco Bell Fast Food & Delivery,22-09,164
98,YouTube TV: Live TV & more,22-09,164
140,Google Voice,19-10,164
18,Google Wallet,23-04,165
56,Google Calendar,21-02,165
57,Taco Bell Fast Food & Delivery,19-10,165
96,Local News: Breaking & Latest,24-08,165
216,Smart Home Manager,19-07,165
216,Smart Home Manager,21-09,165
217,Frontier Airlines,23-10,165
1,Western Union Send Money Now,24-01,166
1,Western Union Send Money Now,24-11,166
17,Yahoo Mail,24-03,166
18,Google Wallet,23-03,166
56,Google Calendar,20-01,166
96,Local News: Breaking & Latest,25-02,166
141,Google Play Games,21-03,166
216,Smart Home Manager,21-04,166
216,Smart Home Manager,22-03,166
7,IMDb: Movies & TV Shows,20-03,167
7,IMDb: Movies & TV Shows,22-04,167
10,Safeway Deals & Delivery,20-12,167
17,Yahoo Mail,24-08,167
56,Google Calendar,20-07,167
58,Subway®,19-07,167
214,TikTok Studio,25-01,167
1,Western Union Send Money Now,23-01,168
15,DoorDash - Dasher,24-03,168
98,YouTube TV: Live TV & more,20-03,168
140,Google Voice,19-09,168
141,Google Play Games,24-02,168
216,Smart Home Manager,22-06,168
217,Frontier Airlines,23-08,168
7,IMDb: Movies & TV Shows,22-06,169
10,Safeway Deals & Delivery,22-05,169
15,DoorDash - Dasher,23-11,169
15,DoorDash - Dasher,24-01,169
94,Planet Fitness Workouts,19-02,169
98,YouTube TV: Live TV & more,21-02,169
98,YouTube TV: Live TV & more,25-02,169
140,Google Voice,19-02,169
175,Alibaba.com - B2B marketplace,22-01,169
175,Alibaba.com - B2B marketplace,22-04,169
10,Safeway Deals & Delivery,19-12,170
17,Yahoo Mail,20-02,170
18,Google Wallet,23-08,170
56,Google Calendar,24-03,170
98,YouTube TV: Live TV & more,19-12,170
175,Alibaba.com - B2B marketplace,19-11,170
10,Safeway Deals & Delivery,19-08,171
18,Google Wallet,19-08,171
99,Amazon Alexa,18-12,171
174,Bluesky,24-09,171
216,Smart Home Manager,19-12,171
216,Smart Home Manager,21-08,171
216,Smart Home Manager,22-01,171
9,Panda Express,24-01,172
18,Google Wallet,19-05,172
94,Planet Fitness Workouts,21-02,172
140,Google Voice,23-12,172
140,Google Voice,24-11,172
214,TikTok Studio,24-08,172
1,Western Union Send Money Now,24-05,173
15,DoorDash - Dasher,22-10,173
56,Google Calendar,22-01,173
9,Panda Express,24-05,174
10,Safeway Deals & Delivery,19-04,174
56,Google Calendar,19-04,174
57,Taco Bell Fast Food & Delivery,19-09,174
99,Amazon Alexa,19-12,174
140,Google Voice,22-02,174
216,Smart Home Manager,20-10,174
216,Smart Home Manager,25-01,174
10,Safeway Deals & Delivery,20-03,175
14,Dairy Queen® Food & Treats,22-05,175
14,Dairy Queen® Food & Treats,24-08,175
56,Google Calendar,20-12,175
56,Google Calendar,21-03,175
56,Google Calendar,21-04,175
94,Planet Fitness Workouts,19-03,175
139,"Linky AI: Chat, Play, Connect",24-02,175
140,Google Voice,19-01,175
140,Google Voice,22-12,175
175,Alibaba.com - B2B marketplace,22-03,175
18,Google Wallet,24-01,176
18,Google Wallet,24-02,176
57,Taco Bell Fast Food & Delivery,20-10,176
98,YouTube TV: Live TV & more,20-12,176
175,Alibaba.com - B2B marketplace,19-12,176
7,IMDb: Movies & TV Shows,21-12,177
17,Yahoo Mail,21-08,177
98,YouTube TV: Live TV & more,21-09,177
137,Realtor.com Real Estate & Rent,18-09,177
1,Western Union Send Money Now,19-01,178
1,Western Union Send Money Now,23-11,178
137,Realtor.com Real Estate & Rent,19-09,178
137,Realtor.com Real Estate & Rent,21-04,178
141,Google Play Games,20-05,178
216,Smart Home Manager,20-02,178
15,DoorDash - Dasher,22-04,179
56,Google Calendar,21-01,179
56,Google Calendar,21-12,179
57,Taco Bell Fast Food & Delivery,22-02,179
98,YouTube TV: Live TV & more,25-01,179
175,Alibaba.com - B2B marketplace,22-02,179
175,Alibaba.com - B2B marketplace,24-08,179
216,Smart Home Manager,22-08,179
1,Western Union Send Money Now,22-11,180
10,Safeway Deals & Delivery,24-06,180
18,Google Wallet,22-10,180
57,Taco Bell Fast Food & Delivery,21-02,180
59,Xbox,20-04,180
175,Alibaba.com - B2B marketplace,21-02,180
216,Smart Home Manager,25-02,180
6,AXS Tickets,24-04,181
10,Safeway Deals & Delivery,19-07,181
17,Yahoo Mail,18-10,181
56,Google Calendar,19-01,181
56,Google Calendar,21-11,181
175,Alibaba.com - B2B marketplace,21-11,181
216,Smart Home Manager,20-11,181
216,Smart Home Manager,21-01,181
8,Wingstop,20-04,182
9,Panda Express,23-09,182
9,Panda Express,25-04,182
18,Google Wallet,24-03,182
57,Taco Bell Fast Food & Delivery,23-08,182
98,YouTube TV: Live TV & more,19-11,182
98,YouTube TV: Live TV & more,21-01,182
179,U-Haul,24-03,182
9,Panda Express,24-09,183
17,Yahoo Mail,21-04,183
56,Google Calendar,20-09,183
56,Google Calendar,21-05,183
56,Google Calendar,21-07,183
137,Realtor.com Real Estate & Rent,21-05,183
141,Google Play Games,20-10,183
1,Western Union Send Money Now,23-08,184
7,IMDb: Movies & TV Shows,25-01,184
56,Google Calendar,22-05,184
94,Planet Fitness Workouts,22-03,184
7,IMDb: Movies & TV Shows,22-05,185
8,Wingstop,14-09,185
56,Google Calendar,21-06,185
98,YouTube TV: Live TV & more,19-09,185
140,Google Voice,20-03,185
216,Smart Home Manager,24-04,185
17,Yahoo Mail,20-07,186
140,Google Voice,24-01,186
141,Google Play Games,20-02,186
175,Alibaba.com - B2B marketplace,19-04,186
175,Alibaba.com - B2B marketplace,19-10,186
175,Alibaba.com - B2B marketplace,20-04,186
175,Alibaba.com - B2B marketplace,21-12,186
10,Safeway Deals & Delivery,21-12,187
98,YouTube TV: Live TV & more,20-11,187
216,Smart Home Manager,19-08,187
6,AXS Tickets,25-04,188
7,IMDb: Movies & TV Shows,25-02,188
98,YouTube TV: Live TV & more,19-10,188
137,Realtor.com Real Estate & Rent,18-12,188
140,Google Voice,22-07,188
141,Google Play Games,19-08,188
141,Google Play Games,20-06,188
216,Smart Home Manager,21-06,188
1,Western Union Send Money Now,23-03,189
8,Wingstop,24-07,189
9,Panda Express,24-10,189
10,Safeway Deals & Delivery,23-09,189
15,DoorDash - Dasher,19-06,189
15,DoorDash - Dasher,22-05,189
96,Local News: Breaking & Latest,25-01,189
216,Smart Home Manager,21-10,189
1,Western Union Send Money Now,23-09,190
57,Taco Bell Fast Food & Delivery,20-08,190
140,Google Voice,22-04,190
179,U-Haul,24-05,190
15,DoorDash - Dasher,21-10,191
57,Taco Bell Fast Food & Delivery,20-04,191
140,Google Voice,20-06,191
175,Alibaba.com - B2B marketplace,19-09,191
1,Western Union Send Money Now,23-07,192
9,Panda Express,24-08,192
15,DoorDash - Dasher,23-05,192
140,Google Voice,21-10,192
175,Alibaba.com - B2B marketplace,20-01,192
179,U-Haul,24-04,192
216,Smart Home Manager,21-02,192
7,IMDb: Movies & TV Shows,22-01,193
10,Safeway Deals & Delivery,19-03,193
96,Local News: Breaking & Latest,25-03,193
140,Google Voice,21-09,193
140,Google Voice,24-12,193
1,Western Union Send Money Now,22-02,194
1,Western Union Send Money Now,24-04,194
1,Western Union Send Money Now,25-02,194
56,Google Calendar,18-09,194
140,Google Voice,22-10,194
175,Alibaba.com - B2B marketplace,21-01,194
1,Western Union Send Money Now,22-01,195
1,Western Union Send Money Now,23-05,195
1,Western Union Send Money Now,23-12,195
7,IMDb: Movies & TV Shows,25-03,195
10,Safeway Deals & Delivery,22-07,195
216,Smart Home Manager,20-09,195
7,IMDb: Movies & TV Shows,22-03,196
17,Yahoo Mail,19-12,196
175,Alibaba.com - B2B marketplace,20-11,196
175,Alibaba.com - B2B marketplace,21-08,196
216,Smart Home Manager,21-05,196
9,Panda Express,24-04,197
15,DoorDash - Dasher,22-01,197
18,Google Wallet,24-09,197
94,Planet Fitness Workouts,24-02,197
216,Smart Home Manager,23-09,197
1,Western Union Send Money Now,25-01,198
15,DoorDash - Dasher,22-07,198
18,Google Wallet,24-04,198
56,Google Calendar,19-06,198
140,Google Voice,22-08,198
140,Google Voice,25-02,198
9,Panda Express,24-06,199
56,Google Calendar,19-07,199
56,Google Calendar,20-05,199
137,Realtor.com Real Estate & Rent,20-12,199
141,Google Play Games,20-01,199
9,Panda Express,23-07,200
56,Google Calendar,23-09,200
137,Realtor.com Real Estate & Rent,20-10,200
175,Alibaba.com - B2B marketplace,20-08,200
175,Alibaba.com - B2B marketplace,21-10,200
6,AXS Tickets,24-03,201
7,IMDb: Movies & TV Shows,20-08,201
10,Safeway Deals & Delivery,19-02,201
14,Dairy Queen® Food & Treats,24-03,201
15,DoorDash - Dasher,22-02,201
18,Google Wallet,23-06,201
56,Google Calendar,20-02,201
56,Google Calendar,20-08,201
57,Taco Bell Fast Food & Delivery,21-11,201
1,Western Union Send Money Now,22-10,202
10,Safeway Deals & Delivery,22-06,202
17,Yahoo Mail,19-05,202
1,Western Union Send Money Now,18-11,203
7,IMDb: Movies & TV Shows,19-12,203
10,Safeway Deals & Delivery,18-11,203
140,Google Voice,22-01,203
216,Smart Home Manager,21-07,203
6,AXS Tickets,22-09,204
15,DoorDash - Dasher,21-07,204
216,Smart Home Manager,20-05,204
10,Safeway Deals & Delivery,25-04,205
17,Yahoo Mail,20-12,205
56,Google Calendar,20-10,205
56,Google Calendar,21-08,205
137,Realtor.com Real Estate & Rent,19-10,205
140,Google Voice,19-05,206
140,Google Voice,22-03,206
175,Alibaba.com - B2B marketplace,20-09,206
216,Smart Home Manager,25-03,206
217,Frontier Airlines,23-07,206
15,DoorDash - Dasher,22-03,207
17,Yahoo Mail,20-01,207
56,Google Calendar,23-08,207
141,Google Play Games,20-04,207
216,Smart Home Manager,20-01,207
216,Smart Home Manager,20-06,207
1,Western Union Send Money Now,23-02,208
6,AXS Tickets,25-03,208
56,Google Calendar,19-10,208
96,Local News: Breaking & Latest,24-01,209
137,Realtor.com Real Estate & Rent,19-12,209
216,Smart Home Manager,21-03,209
17,Yahoo Mail,21-05,210
217,Frontier Airlines,24-03,210
1,Western Union Send Money Now,22-12,211
7,IMDb: Movies & TV Shows,21-11,211
56,Google Calendar,20-11,211
137,Realtor.com Real Estate & Rent,18-11,211
141,Google Play Games,20-03,211
216,Smart Home Manager,20-12,211
1,Western Union Send Money Now,22-03,212
9,Panda Express,23-12,212
17,Yahoo Mail,20-03,212
94,Planet Fitness Workouts,24-01,212
140,Google Voice,22-09,213
1,Western Union Send Money Now,18-12,214
96,Local News: Breaking & Latest,24-05,214
140,Google Voice,21-05,214
175,Alibaba.com - B2B marketplace,20-05,214
1,Western Union Send Money Now,22-08,215
8,Wingstop,14-06,215
10,Safeway Deals & Delivery,18-10,215
9,Panda Express,24-02,216
10,Safeway Deals & Delivery,19-01,216
140,Google Voice,19-03,216
140,Google Voice,20-05,216
175,Alibaba.com - B2B marketplace,20-07,216
137,Realtor.com Real Estate & Rent,19-06,217
137,Realtor.com Real Estate & Rent,21-02,217
140,Google Voice,20-08,217
1,Western Union Send Money Now,22-09,218
175,Alibaba.com - B2B marketplace,20-10,218
217,Frontier Airlines,25-04,218
1,Western Union Send Money Now,22-05,219
7,IMDb: Movies & TV Shows,20-01,219
8,Wingstop,14-07,219
18,Google Wallet,22-09,219
98,YouTube TV: Live TV & more,24-12,219
140,Google Voice,21-08,219
216,Smart Home Manager,20-03,219
14,Dairy Queen® Food & Treats,24-09,220
57,Taco Bell Fast Food & Delivery,21-06,220
140,Google Voice,20-07,220
140,Google Voice,21-12,220
141,Google Play Games,22-01,220
10,Safeway Deals & Delivery,24-12,221
15,DoorDash - Dasher,21-11,221
57,Taco Bell Fast Food & Delivery,20-07,221
96,Local News: Breaking & Latest,24-02,221
137,Realtor.com Real Estate & Rent,19-05,221
140,Google Voice,21-11,221
141,Google Play Games,21-04,221
7,IMDb: Movies & TV Shows,20-06,222
10,Safeway Deals & Delivery,25-01,222
17,Yahoo Mail,20-06,222
96,Local News: Breaking & Latest,24-12,222
137,Realtor.com Real Estate & Rent,19-08,222
216,Smart Home Manager,24-12,222
7,IMDb: Movies & TV Shows,19-11,223
57,Taco Bell Fast Food & Delivery,22-07,223
137,Realtor.com Real Estate & Rent,21-03,223
137,Realtor.com Real Estate & Rent,22-01,223
140,Google Voice,21-07,223
7,IMDb: Movies & TV Shows,20-05,224
57,Taco Bell Fast Food & Delivery,21-05,224
57,Taco Bell Fast Food & Delivery,24-09,224
58,Subway®,20-04,224
14,Dairy Queen® Food & Treats,22-07,225
17,Yahoo Mail,19-10,225
56,Google Calendar,19-05,225
137,Realtor.com Real Estate & Rent,19-11,225
140,Google Voice,21-02,225
175,Alibaba.com - B2B marketplace,21-07,225
175,Alibaba.com - B2B marketplace,21-09,225
9,Panda Express,19-07,226
56,Google Calendar,19-08,226
140,Google Voice,20-09,226
56,Google Calendar,24-10,227
56,Google Calendar,24-12,227
57,Taco Bell Fast Food & Delivery,22-03,227
7,IMDb: Movies & TV Shows,21-08,228
56,Google Calendar,18-11,228
56,Google Calendar,19-09,228
57,Taco Bell Fast Food & Delivery,21-07,228
140,Google Voice,25-01,228
1,Western Union Send Money Now,21-09,229
17,Yahoo Mail,20-04,229
56,Google Calendar,19-02,229
141,Google Play Games,19-12,229
96,Local News: Breaking & Latest,24-07,230
1,Western Union Send Money Now,25-04,231
57,Taco Bell Fast Food & Delivery,20-09,231
1,Western Union Send Money Now,22-04,232
1,Western Union Send Money Now,22-07,232
7,IMDb: Movies & TV Shows,19-10,232
96,Local News: Breaking & Latest,23-10,232
137,Realtor.com Real Estate & Rent,22-02,232
175,Alibaba.com - B2B marketplace,21-06,232
15,DoorDash - Dasher,21-12,234
17,Yahoo Mail,19-11,234
57,Taco Bell Fast Food & Delivery,22-06,234
96,Local News: Breaking & Latest,24-09,235
175,Alibaba.com - B2B marketplace,19-08,235
7,IMDb: Movies & TV Shows,20-04,236
10,Safeway Deals & Delivery,20-10,236
15,DoorDash - Dasher,23-04,236
141,Google Play Games,20-07,236
1,Western Union Send Money Now,18-10,237
1,Western Union Send Money Now,19-11,237
175,Alibaba.com - B2B marketplace,20-12,237
1,Western Union Send Money Now,22-06,238
1,Western Union Send Money Now,24-12,238
17,Yahoo Mail,19-04,238
17,Yahoo Mail,21-02,239
98,YouTube TV: Live TV & more,20-07,239
140,Google Voice,21-03,239
9,Panda Express,23-10,240
137,Realtor.com Real Estate & Rent,19-07,240
7,IMDb: Movies & TV Shows,21-05,241
9,Panda Express,20-03,241
17,Yahoo Mail,20-05,241
137,Realtor.com Real Estate & Rent,18-10,241
14,Dairy Queen® Food & Treats,23-09,242
98,YouTube TV: Live TV & more,20-10,242
15,DoorDash - Dasher,24-10,243
174,Bluesky,25-04,243
216,Smart Home Manager,20-08,243
10,Safeway Deals & Delivery,24-11,244
15,DoorDash - Dasher,21-08,244
58,Subway®,20-11,244
94,Planet Fitness Workouts,24-03,244
98,YouTube TV: Live TV & more,20-09,244
57,Taco Bell Fast Food & Delivery,21-12,245
17,Yahoo Mail,21-01,246
56,Google Calendar,23-10,246
137,Realtor.com Real Estate & Rent,22-03,246
7,IMDb: Movies & TV Shows,21-04,247
14,Dairy Queen® Food & Treats,23-04,247
7,IMDb: Movies & TV Shows,21-02,248
17,Yahoo Mail,19-09,248
17,Yahoo Mail,20-10,248
140,Google Voice,19-04,248
175,Alibaba.com - B2B marketplace,21-04,248
216,Smart Home Manager,20-04,248
57,Taco Bell Fast Food & Delivery,22-01,249
58,Subway®,21-06,249
137,Realtor.com Real Estate & Rent,20-01,249
140,Google Voice,21-06,250
58,Subway®,21-09,251
1,Western Union Send Money Now,21-11,252
59,Xbox,20-12,252
7,IMDb: Movies & TV Shows,21-06,253
15,DoorDash - Dasher,20-04,254
96,Local News: Breaking & Latest,24-06,254
137,Realtor.com Real Estate & Rent,19-04,254
216,Smart Home Manager,20-07,254
1,Western Union Send Money Now,21-08,256
1,Western Union Send Money Now,21-07,257
17,Yahoo Mail,20-11,257
94,Planet Fitness Workouts,19-09,258
1,Western Union Send Money Now,21-10,259
58,Subway®,21-01,259
137,Realtor.com Real Estate & Rent,20-02,259
96,Local News: Breaking & Latest,23-12,260
7,IMDb: Movies & TV Shows,21-03,261
57,Taco Bell Fast Food & Delivery,24-08,261
56,Google Calendar,21-10,262
96,Local News: Breaking & Latest,24-11,262
137,Realtor.com Real Estate & Rent,20-09,262
57,Taco Bell Fast Food & Delivery,21-08,263
58,Subway®,20-12,263
140,Google Voice,20-10,263
9,Panda Express,23-11,264
58,Subway®,20-10,264
137,Realtor.com Real Estate & Rent,20-03,264
178,NCAA March Madness Live,12-03,264
57,Taco Bell Fast Food & Delivery,21-10,265
1,Western Union Send Money Now,21-06,266
7,IMDb: Movies & TV Shows,21-07,266
96,Local News: Breaking & Latest,24-10,266
137,Realtor.com Real Estate & Rent,20-05,266
96,Local News: Breaking & Latest,24-04,267
217,Frontier Airlines,25-02,267
14,Dairy Queen® Food & Treats,24-04,268
57,Taco Bell Fast Food & Delivery,24-07,269
174,Bluesky,23-04,269
137,Realtor.com Real Estate & Rent,20-07,270
140,Google Voice,22-06,270
9,Panda Express,21-11,271
137,Realtor.com Real Estate & Rent,19-02,272
57,Taco Bell Fast Food & Delivery,19-08,273
1,Western Union Send Money Now,21-12,274
57,Taco Bell Fast Food & Delivery,22-04,274
58,Subway®,21-11,276
1,Western Union Send Money Now,19-03,277
140,Google Voice,21-01,277
96,Local News: Breaking & Latest,24-03,278
1,Western Union Send Money Now,20-01,280
58,Subway®,21-12,280
175,Alibaba.com - B2B marketplace,21-03,280
18,Google Wallet,24-08,281
96,Local News: Breaking & Latest,23-11,281
140,Google Voice,25-03,281
14,Dairy Queen® Food & Treats,25-03,282
8,Wingstop,14-08,283
56,Google Calendar,18-10,284
56,Google Calendar,24-11,284
141,Google Play Games,18-10,284
1,Western Union Send Money Now,23-10,285
57,Taco Bell Fast Food & Delivery,25-02,285
58,Subway®,21-02,285
58,Subway®,21-08,288
137,Realtor.com Real Estate & Rent,19-03,288
217,Frontier Airlines,24-09,289
1,Western Union Send Money Now,19-02,291
10,Safeway Deals & Delivery,25-02,291
177,Talkie: Creative AI Community,23-08,291
10,Safeway Deals & Delivery,22-04,292
175,Alibaba.com - B2B marketplace,21-05,292
7,IMDb: Movies & TV Shows,21-09,294
58,Subway®,21-07,294
9,Panda Express,24-11,295
1,Western Union Send Money Now,19-07,298
7,IMDb: Movies & TV Shows,19-09,298
57,Taco Bell Fast Food & Delivery,22-05,298
1,Western Union Send Money Now,21-02,300
137,Realtor.com Real Estate & Rent,21-01,300
10,Safeway Deals & Delivery,21-09,301
1,Western Union Send Money Now,19-04,303
14,Dairy Queen® Food & Treats,22-04,303
15,DoorDash - Dasher,21-04,304
58,Subway®,21-05,306
1,Western Union Send Money Now,21-01,307
140,Google Voice,21-04,308
217,Frontier Airlines,24-10,308
56,Google Calendar,25-01,309
58,Subway®,20-09,310
140,Google Voice,20-12,310
177,Talkie: Creative AI Community,24-09,311
7,IMDb: Movies & TV Shows,20-07,313
9,Panda Express,25-03,313
15,DoorDash - Dasher,23-03,313
99,Amazon Alexa,25-01,316
217,Frontier Airlines,25-03,316
99,Amazon Alexa,25-02,317
1,Western Union Send Money Now,20-02,318
137,Realtor.com Real Estate & Rent,20-08,318
217,Frontier Airlines,24-04,318
1,Western Union Send Money Now,21-04,319
56,Google Calendar,21-09,319
1,Western Union Send Money Now,21-05,322
99,Amazon Alexa,24-11,322
99,Amazon Alexa,25-04,322
9,Panda Express,25-01,323
18,Google Wallet,25-04,323
58,Subway®,21-10,323
57,Taco Bell Fast Food & Delivery,21-09,325
57,Taco Bell Fast Food & Delivery,25-01,325
1,Western Union Send Money Now,20-10,327
177,Talkie: Creative AI Community,23-09,327
7,IMDb: Movies & TV Shows,21-10,328
137,Realtor.com Real Estate & Rent,20-04,328
1,Western Union Send Money Now,19-12,329
1,Western Union Send Money Now,25-03,329
58,Subway®,25-04,333
9,Panda Express,24-12,335
9,Panda Express,25-02,336
1,Western Union Send Money Now,20-09,337
57,Taco Bell Fast Food & Delivery,25-03,338
177,Talkie: Creative AI Community,23-10,338
177,Talkie: Creative AI Community,24-08,338
1,Western Union Send Money Now,19-10,339
57,Taco Bell Fast Food & Delivery,20-12,339
217,Frontier Airlines,24-08,340
1,Western Union Send Money Now,19-06,341
56,Google Calendar,25-04,341
175,Alibaba.com - B2B marketplace,25-04,342
1,Western Union Send Money Now,20-12,343
58,Subway®,24-12,343
1,Western Union Send Money Now,20-03,344
1,Western Union Send Money Now,20-11,344
140,Google Voice,22-05,346
139,"Linky AI: Chat, Play, Connect",25-04,348
217,Frontier Airlines,24-12,348
140,Google Voice,20-04,349
1,Western Union Send Money Now,19-05,351
10,Safeway Deals & Delivery,25-03,351
137,Realtor.com Real Estate & Rent,20-06,351
58,Subway®,21-03,353
17,Yahoo Mail,20-09,355
18,Google Wallet,24-10,355
175,Alibaba.com - B2B marketplace,24-11,357
177,Talkie: Creative AI Community,23-11,360
57,Taco Bell Fast Food & Delivery,21-04,362
178,NCAA March Madness Live,25-03,362
217,Frontier Airlines,24-11,364
177,Talkie: Creative AI Community,24-06,365
1,Western Union Send Money Now,19-09,366
17,Yahoo Mail,24-11,366
58,Subway®,24-11,368
217,Frontier Airlines,25-01,375
175,Alibaba.com - B2B marketplace,25-01,378
178,NCAA March Madness Live,17-03,381
1,Western Union Send Money Now,19-08,383
1,Western Union Send Money Now,20-08,392
1,Western Union Send Money Now,21-03,392
217,Frontier Airlines,24-05,393
178,NCAA March Madness Live,18-03,395
10,Safeway Deals & Delivery,21-10,398
217,Frontier Airlines,24-06,398
17,Yahoo Mail,21-03,399
99,Amazon Alexa,24-12,399
18,Google Wallet,24-12,400
98,YouTube TV: Live TV & more,19-04,402
57,Taco Bell Fast Food & Delivery,24-12,403
175,Alibaba.com - B2B marketplace,24-12,403
58,Subway®,20-08,408
140,Google Voice,20-11,408
177,Talkie: Creative AI Community,24-10,414
1,Western Union Send Money Now,20-07,415
58,Subway®,20-06,416
18,Google Wallet,22-08,419
178,NCAA March Madness Live,23-03,423
1,Western Union Send Money Now,20-06,429
10,Safeway Deals & Delivery,21-11,429
57,Taco Bell Fast Food & Delivery,21-03,429
58,Subway®,21-04,431
17,Yahoo Mail,25-01,432
177,Talkie: Creative AI Community,24-05,432
18,Google Wallet,25-01,436
98,YouTube TV: Live TV & more,18-09,436
1,Western Union Send Money Now,20-04,439
177,Talkie: Creative AI Community,23-12,440
177,Talkie: Creative AI Community,24-01,443
10,Safeway Deals & Delivery,21-08,455
18,Google Wallet,24-11,457
139,"Linky AI: Chat, Play, Connect",25-02,457
57,Taco Bell Fast Food & Delivery,24-10,463
17,Yahoo Mail,20-08,465
178,NCAA March Madness Live,24-03,466
15,DoorDash - Dasher,21-06,471
15,DoorDash - Dasher,24-11,471
177,Talkie: Creative AI Community,24-07,476
99,Amazon Alexa,25-03,480
174,Bluesky,25-03,484
1,Western Union Send Money Now,20-05,485
11,My Earthquake Alerts - Map,25-04,488
17,Yahoo Mail,24-12,497
139,"Linky AI: Chat, Play, Connect",24-03,497
18,Google Wallet,25-02,501
177,Talkie: Creative AI Community,24-02,501
58,Subway®,25-01,502
56,Google Calendar,25-02,507
174,Bluesky,24-10,510
58,Subway®,20-05,519
177,Talkie: Creative AI Community,24-04,522
17,Yahoo Mail,24-02,531
58,Subway®,20-07,535
58,Subway®,20-03,539
141,Google Play Games,24-12,544
178,NCAA March Madness Live,16-03,544
139,"Linky AI: Chat, Play, Connect",25-01,545
217,Frontier Airlines,24-07,545
9,Panda Express,20-04,555
139,"Linky AI: Chat, Play, Connect",25-03,561
18,Google Wallet,22-07,571
17,Yahoo Mail,25-04,573
139,"Linky AI: Chat, Play, Connect",24-08,576
14,Dairy Queen® Food & Treats,22-03,578
98,YouTube TV: Live TV & more,19-01,578
174,Bluesky,25-02,583
58,Subway®,25-03,600
9,Panda Express,20-05,603
98,YouTube TV: Live TV & more,18-12,603
56,Google Calendar,25-03,605
15,DoorDash - Dasher,25-01,613
175,Alibaba.com - B2B marketplace,25-02,613
98,YouTube TV: Live TV & more,18-10,619
15,DoorDash - Dasher,21-05,621
139,"Linky AI: Chat, Play, Connect",24-10,626
18,Google Wallet,25-03,630
59,Xbox,20-11,632
141,Google Play Games,24-10,633
15,DoorDash - Dasher,25-04,635
178,NCAA March Madness Live,19-03,643
15,DoorDash - Dasher,24-12,654
17,Yahoo Mail,25-02,656
7,IMDb: Movies & TV Shows,19-08,657
177,Talkie: Creative AI Community,24-11,658
57,Taco Bell Fast Food & Delivery,24-11,660
175,Alibaba.com - B2B marketplace,25-03,660
59,Xbox,20-10,667
12,Suno - AI Music,25-01,674
178,NCAA March Madness Live,21-03,690
58,Subway®,25-02,699
98,YouTube TV: Live TV & more,19-02,708
94,Planet Fitness Workouts,19-08,719
139,"Linky AI: Chat, Play, Connect",24-12,719
98,YouTube TV: Live TV & more,19-03,722
7,IMDb: Movies & TV Shows,19-07,730
98,YouTube TV: Live TV & more,18-11,740
178,NCAA March Madness Live,13-03,755
17,Yahoo Mail,25-03,781
177,Talkie: Creative AI Community,24-12,807
139,"Linky AI: Chat, Play, Connect",24-09,844
178,NCAA March Madness Live,15-03,850
178,NCAA March Madness Live,22-03,850
11,My Earthquake Alerts - Map,20-01,856
177,Talkie: Creative AI Community,25-04,867
15,DoorDash - Dasher,25-02,879
139,"Linky AI: Chat, Play, Connect",24-11,907
174,Bluesky,24-12,920
177,Talkie: Creative AI Community,24-03,934
139,"Linky AI: Chat, Play, Connect",24-07,992
139,"Linky AI: Chat, Play, Connect",24-05,995
178,NCAA March Madness Live,14-03,1004
15,DoorDash - Dasher,25-03,1082
139,"Linky AI: Chat, Play, Connect",24-04,1085
141,Google Play Games,24-11,1174
177,Talkie: Creative AI Community,25-01,1220
177,Talkie: Creative AI Community,25-03,1267
174,Bluesky,25-01,1276
12,Suno - AI Music,25-02,1351
177,Talkie: Creative AI Community,25-02,1354
12,Suno - AI Music,24-12,1388
139,"Linky AI: Chat, Play, Connect",24-06,1500
12,Suno - AI Music,25-04,1874
12,Suno - AI Music,25-03,2207
174,Bluesky,24-11,2546
